Batch No,StartDate,FinishDate,Product,Para 1,Para 2,Para 3,Para 4,Para 5,Para 6,Para 7,Para 8,Para 9,Para 10,Para 11,Para 12,Para 13,Parameter Names
Batch001,.,.,RVM,4.449167205,1.032901798,0.817586218,12088.28994,0.872249544,3103.130929,1851.844868,262.0139213,2541.901627,255.3938016,1014.912497,7451.644399,248.4566219,Para 1
Batch002,.,.,RVM,,,,,,.,.,.,.,.,.,.,.,Para 2
Batch003,.,.,RVM,,,,,,.,.,.,.,.,.,.,.,Para 3
Batch005,05-Oct-00,09-Oct-00,RVM,,,,,,.,.,.,.,.,.,.,.,Para 4
Batch006,12-Oct-00,12-Oct-00,RVM,,,,,,.,.,.,.,.,.,.,.,Para 5
Batch007,19-Oct-00,23-Oct-00,RVM,,,,,,.,.,.,.,.,.,.,.,Para 6
Batch008,02-Nov-00,02-Nov-00,RVM,19.33553702,2.64332694,0.414050485,2953.090968,0.134901065,51.1,89,4.55,67.57,3.45,21.4,117.42,2.51,Para 7
Batch009,09-Nov-00,21-Nov-00,RVM,15.04574178,1.892348628,0.542768491,1772.90103,0.169683644,52.5,46,2.42,49.49,2.6,17,112.06,1.91,Para 8
Batch010,16-Nov-00,27-Jun-01,RVM,,,,,,.,.,.,.,.,.,.,.,Para 9
Batch011,23-Nov-00,04-Dec-00,RVM,18.42036982,1.289998877,0.512823526,1188.385343,0.085916715,26,23,0.6,41.11,1.07,7,115.93,0.81,Para 10
Batch012,07-Dec-00,19-Dec-00,RVM,10.55796267,1.226901365,0.48288269,1744.900472,0.066091398,19,41,0.78,33.6,0.64,4,106.7,0.43,Para 11
Batch013,18-Jan-01,06-Feb-01,RVM,18.18270696,2.858924557,0.735187174,9001.96618,0.528415508,43,178,7.65,56.41,2.43,9,.,.,Para 12
Batch014,08-Feb-01,11-Jul-01,RVM,,,,,,.,.,.,.,.,.,.,.,Para 13
Batch015,15-Feb-01,26-Feb-01,RVM,,,,,,.,.,.,.,.,.,.,.,
Batch016,22-Feb-01,23-Feb-01,RVM,,,,,,.,.,.,.,.,.,.,.,
Batch017,01-Mar-01,05-Mar-01,RVM,,,,,,.,.,.,.,.,.,.,.,
Batch019,01-May-01,09-May-01,RVM,11.76900017,1.186744501,0.662922946,5462.95121,0.235175198,43.2,93,4.02,36.82,1.59,4.1,397.93,1.63,
Batch021,08-May-01,16-May-01,RVM,10.18447108,1.692351817,0.724239779,2440.498757,0.10239222,49.2,279,13.73,33.92,1.67,8,233.59,1.87,
Batch023,15-May-01,24-May-01,RVM,18.5357253,1.308645616,0.618619674,2761.859705,0.224502356,51.9,63,3.27,45.62,2.37,11.5,168.59,1.94,
Batch025,22-May-01,30-May-01,RVM,11.77026178,1.65080132,0.458013043,1138.829117,0.085980715,47.82,67,3.2,53.81,2.57,12.9,153.42,1.98,
Batch028,12-Jun-01,20-Jun-01,RVM,14.92252778,1.010050718,0.536296561,1652.978558,0.126285939,52,59,3.07,26.93,1.4,8,225.31,1.8,
Batch031,26-Jun-01,05-Jul-01,RVM,11.20116446,1.606403742,0.640963009,4212.286771,0.171390107,44,109,4.8,75.47,3.32,17,193.25,3.29,
Batch032,26-Jun-01,05-Jul-01,RVM,,,,,,.,.,.,.,.,16.6,189.25,3.14,
Batch034,03-Jul-01,11-Jul-01,RVM,12.38192428,1.435257379,0.415205366,2532.232804,0.2253153,52,81,4.21,57.14,2.97,15,205.93,3.09,
Batch036,10-Jul-01,18-Jul-01,RVM,17.91508867,1.555279554,0.588339591,3067.866208,0.14819014,49.5,96,4.75,87.39,4.33,22.1,187.53,4.14,
Batch037,10-Jul-01,18-Jul-01,RVM,,,,,,.,.,.,.,.,.,.,.,
Batch041,31-Jul-01,07-Aug-01,RVM,16.91038786,1.331722683,0.613435911,4633.835029,0.352565893,52,135,7.02,86.66,4.51,22,204.92,4.51,
Batch042,31-Jul-01,07-Aug-01,RVM,,,,,,.,.,.,.,.,.,.,.,
Batch043,27-Aug-01,27-Aug-01,RVM,15.73571161,1.152096669,0.883232908,2610.679613,0.127599214,41,71,2.91,.,.,16,.,.,
Batch046,18-Sep-01,27-Sep-01,RVM,14.50007603,1.135162247,0.669353567,1177.85849,0.086130488,42,45,1.89,47.65,2,10,249.23,2.49,
Batch048,25-Sep-01,11-Oct-01,RVM,13.75217001,2.232199072,0.480405525,2204.515222,0.086991546,42,57,2.39,64.09,2.69,14,215.12,3.01,
Batch054,30-Oct-01,09-Oct-01,RVM,18.02813905,1.545639282,0.999471972,4111.847193,0.208940597,43.5,111,4.83,95.32,4.15,22.1,159.75,3.53,
Batch055,30-Oct-01,09-Oct-01,RVM,,,,,,.,.,.,.,.,.,.,.,
Batch058,13-Nov-01,20-Nov-01,RVM,13.11942134,1.416585574,0.980368446,1586.726509,0.095123989,43,67,2.88,38.07,1.64,8,228.71,1.83,
Batch061,27-Nov-01,05-Dec-01,RVM,10.56773475,1.016158764,0.491083668,1898.024081,0.148254759,29,73,2.12,42.48,1.23,6,208.49,1.25,
Batch064,11-Dec-01,10-Dec-01,RVM,14.71203402,1.459435932,0.544920326,1891.785294,0.083494087,42,51,2.14,30.54,1.28,6,208.97,1.25,
Batch068,11-Feb-02,05-Feb-02,RVM,15.36262097,1.530283673,0.738205728,2437.103991,0.16514329,45,72,3.24,56.87,2.56,13,203.15,2.64,
Batch069,22-Apr-02,18-Feb-02,RVM,18.67508862,1.576922294,0.69342027,2529.90632,0.186865353,37,72,2.66,3.87,0.14,1,647.18,0.65,
Batch071,13-May-02,21-May-02,RVM,18.27253372,1.632558709,0.607978799,1515.543193,0.075990408,45.8,39,1.79,28.71,1.31,6.6,175.97,1.16,
Batch073,20-May-02,28-May-02,RVM,18.18962614,2.157516098,0.583005695,2057.341085,0.199769293,55.3,100,5.53,45.43,2.51,12.4,236.63,2.93,
Batch075,10-Jun-02,24-Jun-02,RVM,15.63385574,1.522901771,0.682461475,1033.013114,0.109069953,53,41,2.17,25.07,1.33,7,256.29,1.79,
Batch077,17-Jun-02,24-Jun-02,RVM,12.22474316,1.596217309,0.834704833,2730.872859,0.213176353,60,64,3.84,44.54,2.67,14,189.85,2.66,
Batch079,24-Jun-02,02-Jul-02,RVM,13.74238153,2.128860416,0.810671228,3502.777629,0.192340632,75,68,5.1,38.3,2.87,14,231.48,3.24,
Batch081,01-Jul-02,21-Aug-02,RVM,,,,,,.,.,.,.,.,.,.,.,
Batch083,08-Jul-02,17-Jul-02,RVM,13.26470554,0.550835572,0.799411448,1750.865331,0.122684823,47,40,1.88,36.04,1.69,9,176.72,1.59,
Batch085,15-Jul-02,24-Jul-02,RVM,14.46337619,1.354430106,0.420216661,9497.128831,0.662431755,77,108,8.32,28.82,2.22,11,.,.,
Batch087,22-Jul-02,31-Jul-02,RVM,19.07394007,1.742656054,0.699355755,4434.575376,0.284326578,79.2,55,4.36,44.53,3.53,17.5,192.28,3.36,
Batch088,22-Jul-02,31-Jul-02,RVM,,,,,,.,.,.,.,.,.,.,.,
Batch090,29-Jul-02,07-Aug-02,RVM,13.06914324,1.969546482,0.827444281,4183.583452,0.323775365,74,99,7.33,41.86,3.1,15.8,217.65,3.44,
Batch091,29-Jul-02,07-Aug-02,RVM,,,,,,.,.,.,.,.,.,.,.,
Batch093,05-Aug-02,09-Aug-02,RVM,10.25260876,1.30097356,0.627932398,2988.000788,0.228822685,87.7,67,5.88,32.77,2.87,15,216.06,3.24,
Batch095,16-Sep-02,24-Sep-02,RVM,18.76524981,1.655523004,0.590490293,8009.106701,0.358857384,50.1,141,7.06,60.55,3.03,14.4,164.34,2.37,
Batch097,23-Sep-02,30-Sep-02,RVM,16.70135888,1.785199464,0.571243596,3791.680545,0.279266943,57,80,4.56,41.72,2.38,11.6,236.11,2.74,
Batch098,23-Sep-02,30-Sep-02,RVM,,,,,,.,.,.,.,.,.,.,.,
Batch100,30-Sep-02,13-Sep-02,RVM,11.72964574,1.482403974,0.764456671,,,57.6,.,.,19.85,1.14,5.9,257.55,1.52,
Batch102,07-Oct-02,13-Sep-02,RVM,,,,,,.,.,.,.,.,.,.,.,
Batch104,14-Oct-02,13-Sep-02,RVM,14.50909174,2.345198616,0.702829809,1823.298734,0.165012301,55,60,3.3,37.88,2.08,10.6,189.43,2.01,
Batch106,21-Oct-02,28-Oct-02,RVM,17.02326301,1.305276818,0.466697776,615.0566882,0.034312645,80.8,247,19.96,20.95,1.69,9.1,157.93,1.44,
Batch108,28-Oct-02,04-Nov-02,RVM,19.84684685,1.946461214,0.561125259,2186.330759,0.1589999,48.9,54,2.64,17.79,0.87,4.5,225.37,1.01,
Batch110,04-Nov-02,11-Nov-02,RVM,10.80366728,1.177122397,0.696115103,2698.577634,0.1144309,49.4,49,2.42,21.6,1.07,4.8,234.65,1.13,
Batch112,11-Nov-02,08-Nov-02,RVM,10.77687074,1.420070593,0.481502671,963.047197,0.098503391,48.7,36,1.75,24.36,1.19,6,178.32,1.07,
Batch114,18-Nov-02,08-Nov-02,RVM,,,,,,.,.,.,.,.,.,.,.,
Batch116,25-Nov-02,21-Nov-02,RVM,18.54220301,1.887482318,0.769742259,1674.57907,0.06832649,49,38,1.86,24.52,1.2,6,204.44,1.23,
Batch118,02-Dec-02,21-Nov-02,RVM,15.05251409,2.285129132,0.586324998,3251.667607,0.246357916,69.4,92,6.38,44.82,3.11,14.8,204.88,3.03,
Batch120,09-Dec-02,21-Nov-02,RVM,13.9947763,2.190648307,0.481861032,2787.002038,0.208720241,55.5,148,8.21,46.3,2.57,12.9,197.07,2.54,
Batch122,28-Jan-03,23-Jan-03,RVM,10.75237524,1.226727035,0.515867248,2066.635659,0.133235061,38.3,35,1.34,15.26,0.58,2.6,186.7,0.49,
Batch124,04-Feb-03,12-Feb-03,RVM,10.44061408,2.659355492,0.621964238,3416.370092,0.148825576,40.9,59,2.41,30.26,1.24,6.4,173.75,1.11,
Batch126,11-Feb-03,29-Jan-03,RVM,12.77278809,2.316783083,0.867800591,5426.429822,0.277277936,35.6,1276,45.43,69.72,2.48,12.4,206.54,2.56,
Batch128,18-Feb-03,13-Feb-03,RVM,11.22167739,1.493439076,0.50190107,4541.393074,0.311972183,60.2,61,3.67,57.89,3.48,17.8,184.54,3.28,
Batch129,18-Feb-03,13-Feb-03,RVM,,,,,,.,.,.,.,.,.,.,.,
Batch131,25-Feb-03,13-Feb-03,RVM,19.27526521,1.759042158,0.532313662,5662.745187,0.332820927,29.9,176,5.26,91.93,2.75,14,162.24,2.27,
Batch133,03-Mar-03,11-Mar-03,RVM,15.11597415,2.059270733,0.604662332,4319.218071,0.247050439,67.1,63,4.23,41.04,2.75,14.1,207.87,2.93,
Batch135,10-Mar-03,17-Mar-03,RVM,15.79624568,2.411757578,0.693513338,3295.431163,0.156115278,58.8,109,6.41,66.2,3.89,19.9,160.29,3.19,
Batch136,10-Mar-03,17-Mar-03,RVM,,,,,,.,.,.,.,.,.,.,.,
Batch138,17-Mar-03,24-Mar-03,RVM,14.67921022,2.243333952,0.679185743,6082.978999,0.248397655,66.1,79,5.22,46.42,3.07,14.7,242.88,3.57,
Batch140,25-Mar-03,31-Mar-03,RVM,19.34444988,1.600087038,0.566299903,6641.941641,0.358487569,64.7,103,6.66,63.06,4.08,20.2,168.97,3.41,
Batch141,25-Mar-03,31-Mar-03,RVM,,,,,,.,.,.,.,.,.,.,.,
Batch143,31-Mar-03,07-Apr-03,RVM,12.80463125,2.47973349,0.622245687,8253.662445,0.365809339,68.6,109,7.48,49.89,3.42,17.5,197.31,3.45,
Batch144,31-Mar-03,07-Apr-03,RVM,,,,,,.,.,.,.,.,.,.,.,
Batch146,07-Apr-03,14-Apr-03,RVM,13.48519633,1.597624164,0.541501344,3425.179231,0.326815541,56.4,96,5.41,42.2,2.38,12.1,204.41,2.47,
Batch148,14-Apr-03,22-Apr-03,RVM,14.43702184,2.650877774,0.638115341,4739.44041,0.491205368,78.8,96,7.56,47.76,3.76,19.2,179.41,3.44,
Batch149,14-Apr-03,22-Apr-03,RVM,,,,,,.,.,.,.,.,.,.,.,
Batch151,21-Apr-03,28-Apr-03,RVM,15.7338287,1.983730304,0.559729598,6488.626367,0.236522515,66.5,104,6.92,64.65,4.3,21.7,224.14,4.86,
Batch152,21-Apr-03,28-Apr-03,RVM,,,,,,.,.,.,.,.,.,.,.,
Batch154,28-Apr-03,05-May-03,RVM,15.65564328,1.642626805,0.622202144,2868.035166,0.104773375,54.2,55,2.98,12.53,0.68,3.3,364,1.2,
Batch156,05-May-03,12-May-03,RVM,15.04960911,1.990978741,0.672616455,3134.913946,0.17424656,49.2,106,5.22,24.27,1.19,6.3,180.3,1.14,
Batch158,12-May-03,19-May-03,RVM,12.81018164,2.635041311,0.428095258,1884.281738,0.212597391,58.7,56,3.29,34.63,2.03,10.4,239.7,2.49,
Batch160,16-May-03,16-May-03,RVM,18.64283302,2.632293141,0.5402229,5250.504618,0.239645059,60.2,78,4.7,44.62,2.69,13.9,200.33,2.78,
Batch163,07-Jul-03,15-Jul-03,RVM,12.49724887,1.4682265,0.52495027,2343.342731,0.12759623,53.2,46,2.45,27.21,1.45,7.9,244.42,1.93,
Batch165,14-Jul-03,21-Jul-03,RVM,17.85436459,1.466166605,0.662955221,3486.321697,0.223038561,55.9,93,5.2,58.05,3.24,16,184.86,2.96,
Batch167,21-Jul-03,28-Jul-03,RVM,15.69352789,1.537633927,0.683204232,1497.2303,0.108461251,59.7,71,4.24,34.65,2.07,10.2,181.51,1.85,
Batch169,14-Oct-03,22-Oct-03,RVM,,,,,,.,.,.,.,.,.,.,.,
Batch171,21-Oct-03,28-Oct-03,RVM,,,,,,.,.,.,.,.,.,.,.,
Batch173,28-Oct-03,04-Nov-03,RVM,,,,,,.,.,.,.,.,.,.,.,
Batch176,16-Mar-04,23-Mar-04,RVM,12.19281582,1.796103342,0.855969557,2207.445327,0.191547258,56.8,99,5.62,53.65,3.05,15.2,171.52,2.61,
Batch178,29-Mar-04,05-Apr-04,RVM,16.9598146,2.092354289,0.354929108,3057.565692,0.1770975,62.3,111,6.92,46.39,2.89,14.4,201.62,2.9,
Batch183,10-May-04,17-May-04,RVM,19.7325378,1.799138886,0.41841203,2267.757049,0.114634583,46.4,64,2.97,45.93,2.13,10.7,205.89,2.2,
Batch187,01-Jun-04,08-Jun-04,RVM,13.6105789,1.582989054,0.593845188,3340.864999,0.146200296,53.7,71,3.81,78.95,4.24,21.6,185.88,4.02,
Batch188,01-Jun-04,08-Jun-04,RVM,,,,,,.,.,.,.,.,.,.,.,
Batch191,15-Jun-04,23-Jun-04,RVM,10.25842511,2.444591051,0.702969661,3517.93092,0.180267362,25.4,107,2.72,102.93,2.61,13.6,176.89,2.41,
Batch196,05-Oct-04,13-Oct-04,RVM,12.74576707,1.964105845,0.78428558,4597.756308,0.47798996,60.2,131,7.89,107.47,6.47,32.3,187.4,6.05,
Batch197,05-Oct-04,13-Oct-04,RVM,,,,,,.,.,.,.,.,.,.,.,
Batch198,05-Oct-04,13-Oct-04,RVM,,,,,,.,.,.,.,.,.,.,.,
Batch201,18-Oct-04,26-Oct-04,RVM,13.6188647,1.906216596,0.556440501,4927.604652,0.338531356,62.1,72,4.47,98.95,6.14,30.7,195.58,6,
Batch202,18-Oct-04,26-Oct-04,RVM,,,,,,.,.,.,.,.,.,.,.,
Batch203,18-Oct-04,26-Oct-04,RVM,,,,,,.,.,.,.,.,.,.,.,
Batch204,18-Oct-04,26-Oct-04,RVM,,,,,,.,.,.,.,.,.,.,.,
Batch207,01-Nov-04,09-Nov-04,RVM,16.05025127,2.524457409,0.626285969,7792.292058,0.386353706,63.6,109,6.93,97.01,6.17,30.6,196.59,6.02,
Batch208,01-Nov-04,09-Nov-04,RVM,,,,,,.,.,.,.,.,.,.,.,
Batch210,08-Nov-04,16-Nov-04,RVM,17.14591912,1.500666776,0.66168268,3643.24962,0.210324373,47.3,105,4.97,59.4,2.81,14.1,204.67,2.89,
Batch212,15-Nov-04,23-Nov-04,RVM,15.97806496,2.317237706,0.763242835,2937.697722,0.155419291,70.7,59,4.17,48.46,3.43,15,212.96,3.19,
Batch214,22-Nov-04,30-Nov-04,RVM,18.0302292,1.629540169,0.473744877,3413.727881,0.223455084,65.2,85,5.54,55.19,3.6,15.2,211.78,3.22,
Batch216,29-Nov-04,07-Dec-04,RVM,10.04742609,2.258266217,0.715172483,3727.332086,0.302418399,69.1,79,5.46,52.24,3.61,15.1,186.11,2.81,
Batch218,06-Dec-04,14-Dec-04,RVM,11.28379688,1.984005536,0.411146248,5283.017441,0.192956343,52.3,91,4.76,59.7,3.12,15,178.81,2.68,
Batch220,24-Jan-05,01-Feb-05,RVM,16.47551448,1.447575179,0.74308492,1641.130759,0.078089959,54.8,39,2.14,48.07,2.63,13.2,157.28,2.08,
Batch223,04-Feb-05,14-Feb-05,RVM,17.87702398,1.415249659,0.448535192,2281.617644,0.145991119,53,53,2.81,50.24,2.66,13.6,173.85,2.36,
Batch225,14-Feb-05,22-Feb-05,RVM,18.40494871,2.193982577,0.430996471,3642.270798,0.175525525,60.5,54,3.27,51.82,3.14,15,195.72,2.94,
Batch227,21-Feb-05,02-Mar-05,RVM,11.27584133,1.549621676,0.732767792,3278.326014,0.155369907,56.6,67,3.79,42.4,2.4,12,195.6,2.35,
Batch229,28-Feb-05,07-Mar-05,RVM,11.83159869,1.708507662,0.786323275,3116.235557,0.155153058,49.6,85,4.22,41.74,2.07,10.3,188.4,1.94,
Batch231,07-Mar-05,16-Mar-05,RVM,19.74485794,1.247735459,0.620435172,2032.017309,0.192280271,49.1,65,3.19,30.08,1.48,7.3,171.2,1.25,
Batch233,14-Mar-05,23-Mar-05,RVM,16.66039657,1.688332784,0.469389843,2133.772234,0.09907093,53.7,65,3.49,16.98,0.91,5.2,162.09,0.84,
Batch235,21-Mar-05,30-Mar-05,RVM,18.51615166,2.250050149,0.781185211,4281.558278,0.222939575,53,96,5.09,30,1.59,7.8,200.44,1.56,
Batch237,28-Mar-05,06-Apr-05,RVM,16.12306229,2.42373293,0.522248212,1745.473769,0.092352183,53.9,48,2.59,31.57,1.7,8.3,161.98,1.34,
Batch239,04-Apr-05,13-Apr-05,RVM,10.49483169,1.703076443,0.526424801,5761.520867,0.226045965,57.2,102,5.83,52.59,3.01,15.4,183.49,2.83,
Batch241,11-Apr-05,18-Apr-05,RVM,19.59835206,2.29020284,0.567114629,3944.096816,0.467158786,58.8,157,9.23,56.51,3.32,14.4,211.35,3.04,
Batch243,18-Apr-05,25-Apr-05,RVM,19.69029619,1.565220814,0.572563065,4308.501121,0.2286022,62.8,88,5.53,64.62,4.06,20.7,174.08,3.6,
Batch244,18-Apr-05,25-Apr-05,RVM,,,,,,.,.,.,.,.,.,.,.,
Batch246,25-Apr-05,02-May-05,RVM,13.04602784,1.752478733,0.659131353,4032.455237,0.201309356,56.9,78,4.44,48.83,2.78,14.2,188.65,2.68,
Batch248,02-May-05,09-May-05,RVM,13.83640003,1.326125383,0.690783566,3584.369127,0.184709174,56.7,90,5.1,53.24,3.02,14.3,191.42,2.74,
Batch250,09-May-05,16-May-05,RVM,13.42632718,1.298168005,0.739351051,5109.71672,0.179549331,59,88,5.19,43.11,2.54,12.6,224.94,2.83,
Batch252,16-May-05,24-May-05,RVM,19.74241224,1.864369448,0.559211767,5868.540582,0.218218032,53.1,97,5.15,64.36,3.42,14,238.12,3.33,
Batch254,30-May-05,07-Jun-05,RVM,18.69506527,1.39281343,0.637894274,3157.048015,0.249034867,54.9,80,4.39,49.81,2.73,13.6,212.59,2.89,
Batch255,30-May-05,07-Jun-05,RVM,,,,,,.,.,.,.,.,.,.,.,
Batch257,06-Jun-05,14-Jun-05,RVM,13.36006189,1.144409923,0.445746264,2937.095485,0.288257998,96.8,46,4.45,33.68,3.26,16.3,188.5,3.07,
Batch258,06-Jun-05,14-Jun-05,RVM,,,,,,.,.,.,.,.,.,.,.,
Batch260,13-Jun-05,22-Jun-05,RVM,18.76948907,1.980490594,0.595490263,3271.612768,0.138643523,54.9,73,4.01,41.7,2.29,11.6,192.21,2.23,
Batch262,20-Jun-05,29-Jun-05,RVM,14.97980276,1.790050643,0.770284269,7100.829436,0.452511275,61.8,127,7.85,47.98,2.97,14.5,225.35,3.27,
Batch263,20-Jun-05,29-Jun-05,RVM,,,,,,.,.,.,.,.,.,.,.,
Batch265,27-Jun-05,06-Jun-05,RVM,18.98096463,1.950290256,0.559529547,2293.088758,0.158782858,67,44,2.95,55.49,3.72,14.1,245.9,3.47,
Batch267,04-Jul-05,12-Jul-05,RVM,14.08981436,1.260179605,0.651312713,2422.619211,0.14517262,68.5,46,3.15,59.26,4.06,20.6,190.52,3.92,
Batch268,04-Jul-05,12-Jul-05,RVM,,,,,,.,.,.,.,.,.,.,.,
Batch271,15-Jul-05,02-Aug-05,RVM,18.52043101,1.496085523,0.5347689,1631.772372,0.081882081,55.4,28,1.55,24.25,1.34,6.7,208.77,1.4,
Batch274,19-Sep-05,27-Sep-05,RVM,12.67365545,2.502702233,0.60673311,7260.713667,0.471891342,69,145,10.01,85.67,5.91,29.4,212.36,6.24,
Batch275,19-Sep-05,27-Sep-05,RVM,,,,,,.,.,.,.,.,.,.,.,
Batch277,26-Sep-05,.,RVM,10.19911514,1.278017571,0.426573663,6180.223967,0.348210232,61.9,91,5.63,50.43,3.12,14.8,202.98,3,
Batch278,03-Oct-05,11-Sep-05,RVM,13.15253969,0.966991979,0.551598096,1259.827263,0.078407165,47.6,27,1.29,12.34,0.59,2.7,220,0.59,
Batch280,10-Oct-05,18-Oct-05,RVM,13.02065472,1.535954047,0.566930909,2512.018524,0.230522404,61.7,58,3.58,45.76,2.82,14.4,201.84,2.91,
Batch282,17-Oct-05,25-Oct-05,RVM,16.67180125,1.577287425,0.712385438,2704.061926,0.262375853,52.7,45,2.37,32.09,1.69,8.2,206.17,1.69,
Batch285,31-Oct-05,08-Nov-05,RVM,36.65433659,2.598375197,0.561640171,2763.866832,0.212264723,61.7,54,3.33,39.98,2.47,12.4,196.45,2.44,
Batch287,07-Nov-05,15-Nov-05,RVM,17.80721385,1.891045158,0.564412091,3029.976579,0.166445842,53.5,60,3.21,37.12,1.99,10,206.11,2.06,
Batch289,14-Nov-05,22-Nov-05,RVM,17.39944238,1.923723748,0.393290312,9946.005328,0.672952434,65.3,149,9.73,85.51,5.58,27.7,204.4,5.66,
Batch290,14-Nov-05,22-Nov-05,RVM,,,,,,.,.,.,.,.,.,.,.,
Batch292,21-Nov-05,29-Nov-05,RVM,15.62235166,1.642687895,0.454163377,4142.387543,0.222066383,56.2,74,4.16,44.98,2.53,12.4,205.53,2.55,
Batch294,28-Nov-05,06-Dec-05,RVM,18.46091863,2.245353441,0.636109466,5680.901244,0.238359241,61.4,96,5.89,63.14,3.88,14.7,230.97,3.4,
Batch296,05-Dec-05,13-Dec-05,RVM,10.12271545,1.923885245,0.742031534,5048.364188,0.374156699,64.1,73,4.68,63.17,4.05,14.6,201.5,2.94,
Batch299,16-Jan-06,25-Jan-06,RVM,14.21109584,1.883846316,0.73068466,3444.104866,0.367475246,67.4,84,5.66,67.96,4.58,22.8,144.17,3.29,
Batch300,16-Jan-06,25-Jan-06,RVM,,,,,,.,.,.,.,.,.,.,.,
Batch301,23-Jan-06,31-Jan-06,RVM,11.69510717,1.773868602,0.550192243,5313.143241,0.240391775,66,75,4.95,38.59,2.55,12.7,197.1,2.5,
Batch304,30-Jan-06,07-Feb-06,RVM,11.3393665,1.804880618,0.735838714,2602.597961,0.106526724,59.7,32,1.91,24.22,1.45,6.9,227.68,1.57,
Batch306,07-Feb-06,14-Feb-06,RVM,16.83418317,1.135725459,0.449469954,6205.535926,0.261036679,65.9,80,5.27,34.74,2.29,11.2,215.64,2.42,
Batch308,13-Feb-06,21-Feb-06,RVM,13.94910868,1.196235046,0.496323376,4613.774278,0.275712576,57.8,72,4.16,34.55,2,9.9,201.72,2,
Batch311,27-Feb-06,07-Mar-06,RVM,11.49437852,2.427098821,0.602751561,4663.704614,0.348269037,78.5,82,6.44,70.88,5.56,27.9,171.21,4.78,
Batch312,27-Feb-06,07-Mar-06,RVM,,,,,,.,.,.,.,.,.,.,.,
Batch315,13-Mar-06,21-Mar-06,RVM,17.13221288,1.269103488,0.663028421,5087.177848,0.434152122,66,107,7.06,78.5,5.18,25.7,196.86,5.06,
Batch316,13-Mar-06,21-Mar-06,RVM,,,,,,.,.,.,.,.,.,.,.,
Batch319,27-Mar-06,03-Apr-06,RVM,10.89674289,1.420724711,0.653063611,7158.544446,0.290500432,64.1,141,9.04,85.91,5.51,27.4,202.74,5.56,
Batch320,27-Mar-06,03-Apr-06,RVM,,,,,,.,.,.,.,.,.,.,.,
Batch323,10-Apr-06,.,RVM,16.41012515,1.338132563,0.435271562,3950.710462,0.336397632,63.6,100,6.36,66.76,4.25,20.9,180.13,3.76,
Batch324,10-Apr-06,18-Apr-06,RVM,,,,,,.,.,.,.,.,.,.,.,
Batch326,24-Apr-06,02-May-06,RVM,11.28975238,1.626900261,0.625871177,13117.68658,0.441787871,66.2,167,11.06,84.32,5.58,32.8,170.01,5.58,
Batch327,24-Apr-06,02-May-06,RVM,,,,,,.,.,.,.,.,.,.,.,
Batch328,24-Apr-06,02-May-06,RVM,,,,,,.,.,.,.,.,.,.,.,
Batch332,08-May-06,16-May-06,RVM,11.54890981,1.622735762,0.56516573,6967.171427,0.338415191,51.8,115,5.96,91.57,4.74,23.7,202.44,4.8,
Batch333,08-May-06,16-May-06,RVM,,,,,,.,.,.,.,.,.,.,.,
Batch336,29-May-06,06-Jun-06,RVM,10.61152761,1.978281511,0.466380396,10668.63669,0.434303918,55.2,147,8.11,83.25,4.6,23.1,207.02,4.78,
Batch337,29-May-06,06-Jun-06,RVM,,,,,,.,.,.,.,.,.,.,.,
Batch340,12-Jun-06,20-Jun-06,RVM,11.84072637,1.909329371,0.634687251,4371.796525,0.235942907,61.9,65,4.02,58.04,3.59,14.4,266.51,3.84,
Batch345,26-Jun-06,04-Jul-06,RVM,10.73515853,2.183512497,0.512560363,8625.82741,0.357213523,72.3,86,6.22,78.48,5.67,28.2,196.1,5.53,
Batch346,26-Jun-06,04-Jul-06,RVM,,,,,,.,.,.,.,.,.,.,.,
Batch349,03-Jul-06,11-Jul-06,RVM,10.25438777,2.400954705,0.415066577,3963.260328,0.232805227,62.8,95,5.97,80.19,5.04,25.1,206.79,5.19,
Batch350,03-Jul-06,11-Jul-06,RVM,,,,,,.,.,.,.,.,.,.,.,
Batch352,10-Jul-06,18-Jul-06,RVM,18.21466293,1.710430236,0.399467539,4929.317871,0.341141214,59.5,74,4.4,66.93,3.98,19.3,232.94,4.5,
Batch353,10-Jul-06,18-Jul-06,RVM,,,,,,.,.,.,.,.,.,.,.,
Batch355,17-Jul-06,25-Jul-06,RVM,12.09065149,1.49961739,0.360703213,4460.277402,0.211350793,60.2,91,5.48,60.56,3.65,18,203.34,3.66,
Batch356,17-Jul-06,25-Jul-06,RVM,,,,,,.,.,.,.,.,.,.,.,
Batch359,31-Jul-06,09-Aug-06,RVM,10.87330339,1.944220314,0.535148111,7295.726213,0.401307716,78.7,108,8.5,72.29,5.69,27.4,206.84,5.67,
Batch360,31-Jul-06,09-Aug-06,RVM,,,,,,.,.,.,.,.,.,.,.,
Batch361,01-Aug-06,08-Nov-06,RVM,13.94375266,3.215457053,0.67174852,2423.541348,0.090806203,47.5,76,3.61,64.27,3.05,18.4,137.28,2.53,
Batch365,11-Sep-06,19-Sep-06,RVM,8.063194283,1.230243008,0.416823029,4477.105698,0.491295336,73.8,104,7.68,88.55,6.53,32.8,184.31,6.05,
Batch366,11-Sep-06,19-Sep-06,RVM,,,,,,.,.,.,.,.,.,.,.,
Batch367,11-Sep-06,19-Sep-06,RVM,,,,,,.,.,.,.,.,.,.,.,
Batch370,18-Sep-06,26-Sep-06,RVM,12.81671887,1.108522974,0.793229846,10509.70149,0.621626176,76.1,100,7.61,76.54,5.82,30.7,220.62,6.77,
Batch371,18-Sep-06,26-Sep-06,RVM,,,,,,.,.,.,.,.,.,.,.,
Batch374,25-Sep-06,03-Oct-06,RVM,10.12577251,1.227656281,0.761347787,9555.925176,0.587090382,58.7,125,7.34,74.74,4.39,22.1,204.65,4.52,
Batch375,25-Sep-06,03-Oct-06,RVM,,,,,,.,.,.,.,.,.,.,.,
Batch377,02-Oct-06,10-Oct-06,RVM,14.49062595,1.352704299,0.530526204,7160.089128,0.553455757,65.2,126,8.22,77.31,5.04,25.9,183.1,4.74,
Batch378,02-Oct-06,10-Oct-06,RVM,,,,,,.,.,.,.,.,.,.,.,
Batch381,16-Oct-06,24-Oct-06,RVM,8.253749659,1.488052097,0.560603332,2842.718435,0.132926843,52.3,33,1.73,31.43,1.64,8.7,210.76,1.83,
Batch386,30-Oct-06,08-Nov-06,RVM,13.27343158,2.356818161,0.51194812,5706.857313,0.474945204,72.4,99,7.17,80.39,5.82,29.1,177.2,5.16,
Batch387,30-Oct-06,08-Nov-06,RVM,10.31584924,1.175056984,0.599411393,21187.99548,1.226515792,70.7,140,9.9,60.43,4.27,22,206.82,4.55,
Batch388,30-Oct-06,08-Nov-06,RVM,,,,,,.,.,.,.,.,.,.,.,
Batch389,30-Oct-06,08-Nov-06,RVM,,,,,,.,.,.,.,.,.,.,.,
Batch392,06-Nov-06,14-Nov-06,RVM,10.09150349,1.96205515,0.698103434,4218.607723,0.268320775,63.7,138,8.79,103.9,6.62,26.8,208.32,5.58,
Batch393,06-Nov-06,14-Nov-06,RVM,,,,,,.,.,.,.,.,.,.,.,
Batch395,13-Nov-06,21-Nov-06,RVM,12.81033707,2.433053196,0.429370955,6486.736661,0.42863948,63,119,7.5,111.1,7,34.7,203.18,7.05,
Batch397,13-Nov-06,21-Nov-06,RVM,,,,,,.,.,.,.,.,.,.,.,
Batch398,13-Nov-06,21-Nov-06,RVM,,,,,,.,.,.,.,.,.,.,.,
Batch401,20-Nov-06,24-Nov-06,RVM,9.923085859,0.996561082,0.422311151,5298.653182,0.336304496,58.2,45,2.62,29.64,1.73,8.7,242.81,2.11,
Batch404,27-Nov-06,01-Dec-06,RVM,11.00679359,1.943924112,0.540209829,6288.243278,0.324957547,79,84,6.64,72.13,5.7,28.4,224.85,6.39,
Batch405,27-Nov-06,01-Dec-06,RVM,,,,,,.,.,.,.,.,.,.,.,
Batch408,04-Dec-06,08-Dec-06,RVM,12.90366412,2.64363488,0.745391638,9052.46502,0.406547153,72.7,114,8.29,103.82,7.55,39.7,162.18,6.44,
Batch409,04-Dec-06,08-Dec-06,RVM,,,,,,.,.,.,.,.,.,.,.,
Batch410,04-Dec-06,08-Dec-06,RVM,,,,,,.,.,.,.,.,.,.,.,
Batch413,11-Dec-06,15-Dec-06,RVM,11.57338761,3.87918443,0.650415869,5502.632961,0.351394712,79.3,141,11.18,82.08,6.51,32.5,194.97,6.34,
Batch414,11-Dec-06,15-Dec-06,RVM,,,,,,.,.,.,.,.,.,.,.,
Batch415,11-Dec-06,15-Dec-06,RVM,,,,,,.,.,.,.,.,.,.,.,
Batch417,15-Jan-07,23-Jan-07,RVM,14.03062881,2.607465395,0.444168251,6656.228759,0.675018216,75.6,112,8.47,75.95,5.74,29,208.79,6.05,
Batch419,15-Jan-07,23-Jan-07,RVM,,,,,,.,.,.,.,.,.,.,.,
Batch422,22-Jan-07,26-Jan-07,RVM,8.056430874,1.883448802,0.661274818,10146.67166,0.647493759,60.2,199,11.98,97.11,5.85,29.7,202.38,6.01,
Batch423,22-Jan-07,26-Jan-07,RVM,,,,,,.,.,.,.,.,.,.,.,
Batch426,29-Jan-07,06-Feb-07,RVM,9.595973029,2.270477937,0.62908787,7986.745842,0.535533148,60.2,117,7.04,86.05,5.18,26.3,210.94,5.55,
Batch427,29-Jan-07,06-Feb-07,RVM,,,,,,.,.,.,.,.,.,.,.,
Batch429,05-Feb-07,06-Feb-07,RVM,13.60110198,4.477792794,0.728887705,8142.322458,0.5370398,71,157,11.15,105.31,7.48,37.2,219.1,8.15,
Batch430,05-Feb-07,06-Feb-07,RVM,,,,,,.,.,.,.,.,.,.,.,
Batch432,05-Feb-07,06-Feb-07,RVM,,,,,,.,.,.,.,.,.,.,.,
Batch435,12-Feb-07,21-Feb-07,RVM,10.13868105,0.98581415,0.584053701,7922.91672,0.482876737,70.3,95,6.68,71.89,5.05,27.2,174.11,4.74,
Batch436,12-Feb-07,21-Feb-07,RVM,,,,,,.,.,.,.,.,.,.,.,
Batch439,19-Feb-07,27-Feb-07,RVM,12.93296687,1.978235797,0.499632051,6704.261123,0.416604973,60.4,137,8.27,109.47,6.61,34.1,176.46,6.02,
Batch440,19-Feb-07,27-Feb-07,RVM,,,,,,.,.,.,.,.,.,.,.,
Batch441,19-Feb-07,27-Feb-07,RVM,,,,,,.,.,.,.,.,.,.,.,
Batch444,26-Feb-07,06-Mar-07,RVM,10.34400666,1.502946685,0.619847044,8668.107565,0.371108637,69.8,82,5.72,76.09,5.31,26.6,207.73,5.53,
Batch445,26-Feb-07,06-Mar-07,RVM,,,,,,.,.,.,.,.,.,.,.,
Batch448,05-Mar-07,13-Mar-07,RVM,10.57470388,3.152464529,0.641076701,2281.051033,0.247758753,73.5,241,17.71,80.76,5.94,29.1,227.45,6.62,
Batch449,05-Mar-07,13-Mar-07,RVM,,,,,,.,.,.,.,.,.,.,.,
Batch452,12-Mar-07,20-Mar-07,RVM,8.204581971,1.650777447,0.733102784,7426.179897,0.583440439,75,105,7.88,100.1,7.51,38,196.81,7.48,
Batch453,12-Mar-07,20-Mar-07,RVM,,,,,,.,.,.,.,.,.,.,.,
Batch454,12-Mar-07,20-Mar-07,RVM,,,,,,.,.,.,.,.,.,.,.,
Batch457,19-Mar-07,27-Mar-07,RVM,13.26833339,1.942786414,1.212590839,5979.860093,0.584329129,76.1,107,8.14,77.8,5.92,28.6,225.59,6.45,
Batch458,19-Mar-07,27-Mar-07,RVM,,,,,,.,.,.,.,.,.,.,.,
Batch461,26-Mar-07,03-Apr-07,RVM,8.627359617,1.749819797,0.594505109,6392.260278,0.379804047,68.1,84,5.72,77.88,5.3,28.3,188.06,5.32,
Batch462,26-Mar-07,03-Apr-07,RVM,,,,,,.,.,.,.,.,.,.,.,
Batch464,02-Apr-07,10-Apr-07,RVM,11.83750235,1.637355712,0.447393472,3827.561572,0.202851403,62.2,67,4.17,89.87,5.59,28.6,192.8,5.51,
Batch465,02-Apr-07,10-Apr-07,RVM,,,,,,.,.,.,.,.,.,.,.,
Batch469,09-Apr-07,17-Apr-07,RVM,13.17159116,2.152972726,0.533992169,5078.649967,0.375944313,72.1,78,5.62,81.58,5.88,29.3,211.7,6.2,
Batch470,09-Apr-07,17-Apr-07,RVM,,,,,,.,.,.,.,.,.,.,.,
Batch473,16-Apr-07,24-Apr-07,RVM,13.90652936,2.0071583,0.580024462,5498.139253,0.214718613,59.6,77,4.59,93.58,5.58,28.2,178.95,5.05,
Batch474,16-Apr-07,24-Apr-07,RVM,,,,,,.,.,.,.,.,.,.,.,
Batch477,23-Apr-07,01-May-07,RVM,9.54642238,1.45589644,0.791850734,5542.005298,0.245410992,70.8,81,5.73,84.91,6.01,29.4,217.42,6.39,
Batch478,23-Apr-07,01-May-07,RVM,,,,,,.,.,.,.,.,.,.,.,
Batch481,30-Apr-07,08-May-07,RVM,8.933314372,1.954505208,0.68248315,6988.963802,0.404491226,84.2,66,5.56,78.69,6.63,32.9,196.06,6.45,
Batch482,30-Apr-07,08-May-07,RVM,,,,,,.,.,.,.,.,.,.,.,
Batch483,30-Apr-07,08-May-07,RVM,,,,,,.,.,.,.,.,.,.,.,
Batch485,07-May-07,15-May-07,RVM,11.0067373,1.578214984,0.495395594,7620.709054,0.394550579,67,91,6.1,92.88,6.22,25,254.05,6.35,
Batch487,07-May-07,15-May-07,RVM,,,,,,.,.,.,.,.,.,.,.,
Batch489,14-May-07,22-May-07,RVM,12.6969199,2.073483312,0.659724639,5848.412592,0.192736399,65.8,73,4.8,97.87,6.44,32.2,187.63,6.04,
Batch491,14-May-07,22-May-07,RVM,,,,,,.,.,.,.,.,.,.,.,
Batch492,14-May-07,22-May-07,RVM,,,,,,.,.,.,.,.,.,.,.,
Batch494,21-May-07,29-May-07,RVM,13.72498825,2.155476412,0.430230034,7162.767766,0.293972835,68.5,71,4.86,90.95,6.23,32,199.3,6.38,
Batch496,21-May-07,29-May-07,RVM,,,,,,.,.,.,.,.,.,.,.,
Batch497,21-May-07,29-May-07,RVM,14.41316724,1.518009157,0.508135521,2143.872019,0.092993576,72.9,22,1.6,37.13,2.71,18.1,135.38,2.45,
Batch498,21-May-07,29-May-07,RVM,,,,,,.,.,.,.,.,.,.,.,
Batch499,21-May-07,29-May-07,RVM,,,,,,.,.,.,.,.,.,.,.,
Batch503,17-Sep-07,25-Sep-07,RVM,11.13314913,1.614364007,0.446826703,8403.606688,0.4541605,63.9,112,7.16,91.71,5.86,29.5,185.55,5.47,
Batch504,17-Sep-07,25-Sep-07,RVM,,,,,,.,.,.,.,.,.,.,.,
Batch507,24-Sep-07,02-Oct-07,RVM,13.93371271,1.793199864,0.758212863,4587.89075,0.210858848,64.6,108,6.98,89.4,5.78,30.3,172.76,5.23,
Batch508,24-Sep-07,02-Oct-07,RVM,,,,,,.,.,.,.,.,.,.,.,
Batch511,01-Oct-07,09-Oct-07,RVM,8.017107491,1.205116409,0.552873132,8225.240675,0.33947473,63.9,110,7.03,84.54,5.4,27.4,205.63,5.63,
Batch512,01-Oct-07,09-Oct-07,RVM,,,,,,.,.,.,.,.,.,.,.,
Batch515,08-Oct-07,16-Oct-07,RVM,15.92434637,1.732918882,0.71773768,5100.38044,0.512603045,70.7,110,7.78,96.32,6.81,34.2,188.08,6.43,
Batch516,08-Oct-07,16-Oct-07,RVM,,,,,,.,.,.,.,.,.,.,.,
Batch517,08-Oct-07,16-Oct-07,RVM,,,,,,.,.,.,.,.,.,.,.,
Batch520,15-Oct-07,23-Oct-07,RVM,10.67376732,1.853076291,0.73797367,4652.82571,0.279651241,60.5,101,6.11,77.86,4.71,23.9,168.76,4.03,
Batch521,15-Oct-07,23-Oct-07,RVM,,,,,,.,.,.,.,.,.,.,.,
Batch524,22-Oct-07,30-Oct-07,RVM,12.39710532,2.025734265,0.630291775,7436.701308,0.365872956,77.9,78,6.08,86.4,6.73,33.9,196.6,6.66,
Batch525,22-Oct-07,30-Oct-07,RVM,,,,,,.,.,.,.,.,.,.,.,
Batch526,22-Oct-07,30-Oct-07,RVM,,,,,,.,.,.,.,.,.,.,.,
Batch529,29-Oct-07,30-Oct-07,RVM,12.70706393,1.453462797,0.662352644,3487.46399,0.344558586,67.5,90,6.08,74.9,5.06,26.1,200.55,5.23,
Batch530,29-Oct-07,30-Oct-07,RVM,,,,,,.,.,.,.,.,.,.,.,
Batch532,05-Nov-07,13-Nov-07,RVM,13.95170549,1.501394083,0.599606519,9462.445561,0.511455919,63.1,124,7.82,91.38,5.77,28.8,189.16,5.45,
Batch533,05-Nov-07,13-Nov-07,RVM,,,,,,.,.,.,.,.,.,.,.,
Batch537,12-Nov-07,20-Nov-07,RVM,15.21192456,1.746913029,0.442469783,9000.899508,0.728743278,60.1,178,10.7,62.22,3.74,19.1,219.93,4.2,
Batch538,12-Nov-07,20-Nov-07,RVM,,,,,,.,.,.,.,.,.,.,.,
Batch541,19-Nov-07,27-Nov-07,RVM,10.44262444,1.580230882,0.592977048,12135.48605,0.431581375,67.7,316,21.39,103.58,7.01,35.9,185.42,6.66,
Batch542,19-Nov-07,27-Nov-07,RVM,,,,,,.,.,.,.,.,.,.,.,
Batch543,19-Nov-07,27-Nov-07,RVM,,,,,,.,.,.,.,.,.,.,.,
Batch546,26-Nov-07,04-Dec-07,RVM,10.9076578,1.585012912,0.633012344,7381.791372,0.356312598,70.8,79,5.59,68.33,4.84,19.4,268.5,5.21,
Batch547,26-Nov-07,04-Dec-07,RVM,,,,,,.,.,.,.,.,.,.,.,
Batch550,03-Dec-07,11-Dec-07,RVM,9.133879879,1.962519988,0.615449743,3951.016183,0.438316221,63.1,78,4.92,81.71,5.16,25.2,212.07,5.34,
Batch551,03-Dec-07,11-Dec-07,RVM,,,,,,.,.,.,.,.,.,.,.,
Batch555,07-Jan-08,15-Jan-08,RVM,14.08415151,1.83328671,0.425387815,6455.388299,0.606881615,68,109,7.41,96.08,6.53,33,177.9,5.87,
Batch556,07-Jan-08,15-Jan-08,RVM,,,,,,.,.,.,.,.,.,.,.,
Batch557,07-Jan-08,15-Jan-08,RVM,,,,,,.,.,.,.,.,.,.,.,
Batch558,14-Jan-08,22-Jan-08,RVM,9.496384182,1.749748376,0.558872092,6087.473895,0.253268002,68.7,80,5.5,73.21,5.03,25.8,189.22,4.88,
Batch560,14-Jan-08,22-Jan-08,RVM,,,,,,.,.,.,.,.,.,.,.,
Batch562,21-Jan-08,29-Jan-08,RVM,15.06743061,1.176279525,0.39551602,7744.106244,0.364852056,65.9,104,6.85,73.37,4.84,19.2,218.68,4.2,
Batch564,21-Jan-08,29-Jan-08,RVM,,,,,,.,.,.,.,.,.,.,.,
Batch566,28-Jan-08,05-Feb-08,RVM,10.33523506,1.542771477,0.468698738,5262.395642,0.24044461,64.5,75,4.84,58.5,3.77,15.1,241.49,3.65,
Batch569,04-Feb-08,12-Feb-08,RVM,13.31298029,1.684289888,0.784277903,5992.036776,0.470904187,65.8,123,8.09,80.32,5.29,26.8,185.55,4.97,
Batch571,04-Feb-08,12-Feb-08,RVM,,,,,,.,.,.,.,.,.,.,.,
Batch574,11-Feb-08,19-Feb-08,RVM,8.500938164,1.313038146,0.713212543,20342.25409,1.134154378,64.1,131,8.4,79.03,5.07,26.3,179.54,4.72,
Batch575,11-Feb-08,19-Feb-08,RVM,,,,,,.,.,.,.,.,.,.,.,
Batch578,18-Feb-08,26-Feb-08,RVM,9.786144816,2.107597634,0.683037584,4866.184902,0.54110184,70.1,118,8.27,79.62,5.58,27.6,212.25,5.86,
Batch579,18-Feb-08,26-Feb-08,RVM,,,,,,.,.,.,.,.,.,.,.,
Batch582,25-Feb-08,05-Mar-08,RVM,9.613412522,1.764279395,0.645421216,9036.518557,0.293718763,69.4,89,6.18,78.62,5.46,27.9,189.23,5.28,
Batch583,25-Feb-08,05-Mar-08,RVM,,,,,,.,.,.,.,.,.,.,.,
Batch586,03-Mar-08,11-Mar-08,RVM,12.48514174,1.247162632,0.413058738,10060.4952,0.578890529,65.8,103,6.78,81.96,5.39,27.2,217.33,5.91,
Batch587,03-Mar-08,11-Mar-08,RVM,,,,,,.,.,.,.,.,.,.,.,
Batch590,10-Mar-08,18-Mar-08,RVM,10.82640499,1.298028811,0.748245421,6841.786588,0.267571155,71.9,89,6.4,63.57,4.57,23.2,211.41,4.9,
Batch591,10-Mar-08,18-Mar-08,RVM,,,,,,.,.,.,.,.,.,.,.,
Batch594,17-Mar-08,25-Mar-08,RVM,12.323657,1.972204867,0.487964255,8452.586137,0.490096752,82.7,93,7.69,67.35,5.57,28.1,186.82,5.25,
Batch595,17-Mar-08,25-Mar-08,RVM,,,,,,.,.,.,.,.,.,.,.,
Batch598,24-Mar-08,01-Apr-08,RVM,15.91682727,2.183041418,0.555602714,5036.513247,0.403007657,79.8,113,9.02,76.5,6.1,28.9,211.86,6.12,
Batch599,24-Mar-08,01-Apr-08,RVM,,,,,,.,.,.,.,.,.,.,.,
Batch602,31-Mar-08,08-Apr-08,RVM,14.89652441,1.790650439,0.670289787,8484.352699,0.287192514,74.2,95,7.05,60.69,4.5,22.6,188.25,4.25,
Batch603,31-Mar-08,08-Apr-08,RVM,,,,,,.,.,.,.,.,.,.,.,
Batch606,07-Apr-08,15-Apr-08,RVM,11.31738649,1.834959505,0.783420048,8828.704082,0.322031067,68.7,90,6.18,67.67,4.65,23.7,175.76,4.17,
Batch607,07-Apr-08,15-Apr-08,RVM,,,,,,.,.,.,.,.,.,.,.,
Batch610,14-Apr-08,22-Apr-08,RVM,13.30791472,1.873757114,0.453282473,7573.832309,0.481573734,67.9,115,7.81,84.78,5.76,28.4,199.36,5.66,
Batch611,14-Apr-08,22-Apr-08,RVM,,,,,,.,.,.,.,.,.,.,.,
Batch614,21-Apr-08,29-Apr-08,RVM,10.52149863,1.441385784,0.414799671,8568.808392,0.603726589,77.1,126,9.71,73.08,5.63,28.4,192.03,5.45,
Batch615,21-Apr-08,29-Apr-08,RVM,,,,,,.,.,.,.,.,.,.,.,
Batch618,28-Apr-08,02-May-08,RVM,10.63650365,1.362094576,0.472371459,2934.643282,0.155047846,70.3,78,5.48,47.41,3.33,16.6,191.54,3.18,
Batch619,28-Apr-08,02-May-08,RVM,,,,,,.,.,.,.,.,.,.,.,
Batch622,12-May-08,20-May-08,RVM,11.7761126,1.87263297,0.746226667,5607.87951,0.284951279,86.8,75,6.51,50.39,4.37,22.1,196.41,4.34,
Batch623,12-May-08,20-May-08,RVM,,,,,,.,.,.,.,.,.,.,.,
Batch626,19-May-08,27-May-08,RVM,8.489410027,1.803178124,0.417026234,5335.814463,0.384769329,70.4,82,5.77,61.53,4.33,22.1,204.64,4.52,
Batch627,19-May-08,27-May-08,RVM,,,,,,.,.,.,.,.,.,.,.,
Batch629,26-May-08,03-Jun-08,RVM,13.87284229,2.133012907,0.757375066,6103.524458,0.437858779,70.1,79,5.54,77.76,5.45,28.4,179.46,5.1,
Batch630,26-May-08,03-Jun-08,RVM,,,,,,.,.,.,.,.,.,.,.,
Batch634,02-Jun-08,10-Jun-08,RVM,8.504918876,1.549142937,0.618953706,6186.693276,0.381100554,70.6,88,6.21,67.59,4.77,23.6,179.16,4.23,
Batch635,02-Jun-08,10-Jun-08,RVM,,,,,,.,.,.,.,.,.,.,.,
Batch638,09-Jun-08,17-Jun-08,RVM,10.36787557,1.245610799,0.778340569,3867.009129,0.352271443,63.4,77,4.88,65,4.12,20.3,215.19,4.37,
Batch639,09-Jun-08,17-Jun-08,RVM,,,,,,.,.,.,.,.,.,.,.,
Batch642,16-Jun-08,24-Jun-08,RVM,13.7897758,2.314655547,0.64414009,5175.383593,0.291209108,64.7,76,4.92,65.56,4.24,21.7,187.47,4.07,
Batch643,16-Jun-08,24-Jun-08,RVM,,,,,,.,.,.,.,.,.,.,.,
Batch646,23-Jun-08,01-Jul-08,RVM,13.67593226,2.032045873,0.85921214,3767.719728,0.228056051,56.9,49,2.79,58.18,3.31,17.5,171.73,3.01,
Batch647,23-Jun-08,01-Jul-08,RVM,,,,,,.,.,.,.,.,.,.,.,
Batch650,30-Jun-08,08-Jul-08,RVM,15.67502462,1.591657201,0.752967825,4957.571286,0.251165875,54.7,115,6.29,63.71,3.48,18.2,200.64,3.65,
Batch651,30-Jun-08,08-Jul-08,RVM,,,,,,.,.,.,.,.,.,.,.,
Batch654,07-Jul-08,15-Jul-08,RVM,12.70888592,1.935933937,0.900515016,6590.224726,0.310895402,87.8,82,7.2,44.95,3.95,20.2,170.39,3.44,
Batch655,07-Jul-08,15-Jul-08,RVM,,,,,,.,.,.,.,.,.,.,.,
Batch658,14-Jul-08,22-Jul-08,RVM,12.47721334,2.31700366,0.605276134,18655.63683,1.559320548,66.1,106,7.01,67.2,4.44,22.2,200.62,4.45,
Batch659,14-Jul-08,22-Jul-08,RVM,,,,,,.,.,.,.,.,.,.,.,
Batch662,21-Jul-08,27-Jul-08,RVM,12.37862287,2.211503918,0.866692372,6501.403434,0.545700459,64.2,122,7.83,103.77,6.66,34,192.96,6.56,
Batch663,21-Jul-08,27-Jul-08,RVM,,,,,,.,.,.,.,.,.,.,.,
Batch664,21-Jul-08,27-Jul-08,RVM,,,,,,.,.,.,.,.,.,.,.,
Batch667,28-Jul-08,06-Aug-08,RVM,12.46476835,1.342427138,0.548428351,3885.040196,0.372750647,65.6,86,5.64,66,4.33,21.7,204.93,4.45,
Batch668,28-Jul-08,06-Aug-08,RVM,,,,,,.,.,.,.,.,.,.,.,
Batch671,01-Sep-08,09-Sep-08,RVM,14.93825412,1.606688338,0.704540729,5370.914171,0.412662014,78.1,77,6.01,71.14,5.56,28,167.35,4.69,
Batch672,01-Sep-08,09-Sep-08,RVM,,,,,,.,.,.,.,.,.,.,.,
Batch674,08-Sep-08,16-Sep-08,RVM,9.81531658,2.117139558,0.849393835,2396.865258,0.20851147,66.1,50,3.31,46.23,3.06,14.6,205.54,3,
Batch678,15-Sep-08,23-Sep-08,RVM,12.69455335,2.403261658,0.577732676,4153.420463,0.542410022,85.3,71,6.06,64.22,5.48,28.4,204.23,5.8,
Batch679,15-Sep-08,23-Sep-08,RVM,,,,,,.,.,.,.,.,.,.,.,
Batch681,22-Sep-08,30-Sep-08,RVM,9.943994721,1.619436843,0.874033892,4913.88589,0.320713089,70.8,94,6.66,78.61,5.57,28.8,193.42,5.57,
Batch682,22-Sep-08,30-Sep-08,RVM,,,,,,.,.,.,.,.,.,.,.,
Batch685,29-Sep-08,07-Oct-08,RVM,15.81864418,0.974372528,0.736134086,3062.463062,0.159728645,57.2,50,2.86,45.39,2.6,14.8,175,2.59,
Batch687,06-Oct-08,14-Oct-08,RVM,15.24302632,2.488234339,0.534778631,10568.88149,0.565106646,78.9,120,9.47,69.05,5.45,28.2,200.64,5.66,
Batch689,06-Oct-08,14-Oct-08,RVM,,,,,,.,.,.,.,.,.,.,.,
Batch691,13-Oct-08,22-Oct-08,RVM,14.31906153,2.547795454,0.494540686,7047.956377,0.411397547,92.9,102,9.48,66.38,6.17,31.7,186.41,5.91,
Batch693,13-Oct-08,22-Oct-08,RVM,,,,,,.,.,.,.,.,.,.,.,
Batch694,13-Oct-08,22-Oct-08,RVM,,,,,,.,.,.,.,.,.,.,.,
Batch696,20-Oct-08,28-Oct-08,RVM,11.82788277,2.164437781,0.513494407,2805.078157,0.327412812,78.3,52,4.07,75.28,5.89,33.4,184.78,6.17,
Batch698,20-Oct-08,28-Oct-08,RVM,,,,,,.,.,.,.,.,.,.,.,
Batch699,20-Oct-08,28-Oct-08,RVM,,,,,,.,.,.,.,.,.,.,.,
Batch701,27-Oct-08,04-Nov-08,RVM,8.555705569,1.327756072,0.781827068,9672.863794,0.576333059,81.2,91,7.39,83.95,6.82,35.1,177.7,6.24,
Batch703,27-Oct-08,04-Nov-08,RVM,,,,,,.,.,.,.,.,.,.,.,
Batch704,27-Oct-08,04-Nov-08,RVM,,,,,,.,.,.,.,.,.,.,.,
Batch706,03-Nov-08,11-Nov-08,RVM,8.238181445,1.512283775,0.697436075,5500.222287,0.386734002,74.2,52,3.86,53.72,3.99,22.3,180.03,4.01,
Batch708,03-Nov-08,11-Nov-08,RVM,,,,,,.,.,.,.,.,.,.,.,
Batch710,10-Nov-08,18-Nov-08,RVM,8.632084321,1.768812487,0.522622909,5213.160929,0.361145551,62.4,89,5.55,77.04,4.81,27.1,150.41,4.08,
Batch712,10-Nov-08,18-Nov-08,RVM,,,,,,.,.,.,.,.,.,.,.,
Batch714,17-Nov-08,25-Nov-08,RVM,14.1265789,2.077331949,0.627846547,2850.297823,0.169702556,72.3,37,2.68,45.02,3.25,18.2,166.31,3.03,
Batch716,17-Nov-08,25-Nov-08,RVM,,,,,,.,.,.,.,.,.,.,.,
Batch718,24-Nov-08,02-Dec-08,RVM,14.22657238,2.267699241,0.826180624,3042.868988,0.270099012,66.3,73,4.84,73.06,4.84,27.2,168.29,4.58,
Batch720,24-Nov-08,02-Dec-08,RVM,,,,,,.,.,.,.,.,.,.,.,
Batch722,01-Dec-08,09-Dec-08,RVM,13.32154497,1.773532579,0.574293521,6337.75317,0.42434738,75.3,69,5.2,72.72,5.48,29.4,182.27,5.36,
Batch724,01-Dec-08,09-Dec-08,RVM,,,,,,.,.,.,.,.,.,.,.,
Batch726,08-Dec-08,16-Dec-08,RVM,10.43058647,1.540560387,0.885901111,4879.950144,0.435767728,72.2,83,5.99,82.9,5.99,29,191.29,5.55,
Batch728,08-Dec-08,16-Dec-08,RVM,,,,,,.,.,.,.,.,.,.,.,
Batch733,12-Jan-09,20-Jan-09,RVM,8.152294888,2.586968147,0.711537245,6254.834972,0.484381563,76.4,79,6.04,76.59,5.85,32.6,185.8,6.06,
Batch734,12-Jan-09,20-Jan-09,RVM,,,,,,.,.,.,.,.,.,.,.,
Batch735,12-Jan-09,20-Jan-09,RVM,,,,,,.,.,.,.,.,.,.,.,
Batch738,19-Jan-09,27-Jan-09,RVM,12.4716094,2.648636091,0.912199597,5190.220142,0.548057611,86.1,90,7.75,95.04,8.18,41,175.34,7.19,
Batch739,19-Jan-09,27-Jan-09,RVM,,,,,,.,.,.,.,.,.,.,.,
Batch740,19-Jan-09,27-Jan-09,RVM,,,,,,.,.,.,.,.,.,.,.,
Batch743,26-Jan-09,03-Feb-09,RVM,12.80646166,1.947767593,0.60177823,5242.880036,0.37007513,71.4,82,5.85,80.29,5.73,31.5,167,5.26,
Batch744,26-Jan-09,03-Feb-09,RVM,,,,,,.,.,.,.,.,.,.,.,
Batch745,26-Jan-09,03-Feb-09,RVM,,,,,,.,.,.,.,.,.,.,.,
Batch748,02-Feb-09,03-Feb-09,RVM,10.46833267,2.507128887,0.544988608,4716.3095,0.405014097,80,70,5.6,80.33,6.43,36.4,168.35,6.13,
Batch749,02-Feb-09,03-Feb-09,RVM,,,,,,.,.,.,.,.,.,.,.,
Batch750,02-Feb-09,03-Feb-09,RVM,,,,,,.,.,.,.,.,.,.,.,
Batch753,09-Feb-09,17-Feb-09,RVM,9.635349725,2.999757286,0.664318883,3933.337626,0.286275375,84,79,6.64,82.16,6.9,34.9,195.81,6.83,
Batch754,09-Feb-09,17-Feb-09,RVM,,,,,,.,.,.,.,.,.,.,.,
Batch755,09-Feb-09,17-Feb-09,RVM,,,,,,.,.,.,.,.,.,.,.,
Batch758,16-Feb-09,24-Feb-09,RVM,9.511390117,2.458333168,0.533862261,7148.990948,0.508257008,71.5,102,7.29,71.49,5.11,26.2,189.44,4.96,
Batch759,16-Feb-09,24-Feb-09,RVM,,,,,,.,.,.,.,.,.,.,.,
Batch762,23-Feb-09,03-Mar-09,RVM,14.04082512,2.820681185,0.643544678,6629.135771,0.386736697,83,99,8.22,79.68,6.61,33.6,216.27,7.27,
Batch763,23-Feb-09,03-Mar-09,RVM,,,,,,.,.,.,.,.,.,.,.,
Batch764,23-Feb-09,03-Mar-09,RVM,,,,,,.,.,.,.,.,.,.,.,
Batch767,02-Mar-09,10-Mar-09,RVM,9.367635701,1.91555163,0.492650095,6938.082447,0.479498134,74.6,97,7.24,70.01,5.22,26.4,197.05,5.2,
Batch768,02-Mar-09,10-Mar-09,RVM,,,,,,.,.,.,.,.,.,.,.,
Batch771,09-Mar-09,17-Mar-09,RVM,14.33155525,1.933110425,0.581628422,4396.217423,0.286257344,74.3,57,4.24,78.33,5.82,29.5,177.91,5.25,
Batch772,09-Mar-09,17-Mar-09,RVM,,,,,,.,.,.,.,.,.,.,.,
Batch775,16-Mar-09,24-Mar-09,RVM,11.35317808,3.386239897,0.728290901,5479.931641,0.690397827,70.8,110,7.79,85.84,6.08,31.3,188.84,5.91,
Batch776,16-Mar-09,24-Mar-09,RVM,,,,,,.,.,.,.,.,.,.,.,
Batch777,16-Mar-09,24-Mar-09,RVM,,,,,,.,.,.,.,.,.,.,.,
Batch780,23-Mar-09,31-Mar-09,RVM,14.39066121,5.539049842,0.919552504,3884.300501,0.257394724,80.8,78,6.3,90.27,7.29,37.5,171.06,6.41,
Batch781,23-Mar-09,31-Mar-09,RVM,,,,,,.,.,.,.,.,.,.,.,
Batch782,23-Mar-09,31-Mar-09,RVM,,,,,,.,.,.,.,.,.,.,.,
Batch785,30-Mar-09,07-Apr-09,RVM,8.271683854,1.86801345,0.738500136,3216.8755,0.324996906,64,65,4.16,57.67,3.69,21.5,182.36,3.92,
Batch786,30-Mar-09,07-Apr-09,RVM,,,,,,.,.,.,.,.,.,.,.,
Batch788,06-Apr-09,14-Apr-09,RVM,8.512286445,2.143384737,0.955351098,4189.545996,0.313590992,75.6,79,5.97,84.09,6.36,32.2,174.52,5.62,
Batch790,06-Apr-09,14-Apr-09,RVM,,,,,,.,.,.,.,.,.,.,.,
Batch791,06-Apr-09,14-Apr-09,RVM,,,,,,.,.,.,.,.,.,.,.,
Batch793,13-Apr-09,21-Apr-09,RVM,11.39813062,1.466095777,0.711563792,7222.895378,0.372542929,92.8,64,5.94,59.12,5.49,27.7,200.81,5.56,
Batch795,13-Apr-09,21-Apr-09,RVM,,,,,,.,.,.,.,.,.,.,.,
Batch797,20-Apr-09,28-Apr-09,RVM,8.265372986,2.319092641,0.728790015,4924.421806,0.302123651,86.8,50,4.34,64.83,5.63,28.6,197.23,5.64,
Batch799,20-Apr-09,28-Apr-09,RVM,,,,,,.,.,.,.,.,.,.,.,
Batch801,27-Apr-09,05-May-09,RVM,10.8707711,3.451957059,0.750814039,4859.925432,0.335494292,82.9,92,7.63,98.28,8.15,40.9,180.71,7.39,
Batch803,27-Apr-09,05-May-09,RVM,,,,,,.,.,.,.,.,.,.,.,
Batch804,27-Apr-09,05-May-09,RVM,,,,,,.,.,.,.,.,.,.,.,
Batch806,04-May-09,12-May-09,RVM,8.195234,1.902424395,0.876875628,2621.803657,0.309326637,76.9,49,3.77,46.45,3.57,18.7,203.93,3.81,
Batch808,04-May-09,12-May-09,RVM,,,,,,.,.,.,.,.,.,.,.,
Batch810,11-May-09,19-May-09,RVM,8.139971791,3.929802698,0.695312388,3657.648825,0.257961711,83.7,58,4.85,56.95,4.77,24.2,195.47,4.73,
Batch812,11-May-09,19-May-09,RVM,,,,,,.,.,.,.,.,.,.,.,
Batch815,18-May-09,26-May-09,RVM,13.75792046,4.878523239,0.894590937,3058.151586,0.370851991,70.2,64,4.49,73.28,5.14,25.8,178.81,4.61,
Batch816,18-May-09,26-May-09,RVM,,,,,,.,.,.,.,.,.,.,.,
Batch819,25-May-09,02-Jun-09,RVM,11.49732837,3.484502506,0.777271748,3471.640498,0.241954985,73.8,53,3.91,55.02,4.06,20.4,198,4.04,
Batch820,25-May-09,02-Jun-09,RVM,,,,,,.,.,.,.,.,.,.,.,
Batch823,01-Jun-09,09-Jun-09,RVM,15.3088443,2.666752499,0.921421737,6321.614393,0.248262814,76.2,82,6.25,82.82,6.31,31.9,188,6,
Batch824,01-Jun-09,09-Jun-09,RVM,,,,,,.,.,.,.,.,.,.,.,
Batch825,01-Jun-09,09-Jun-09,RVM,,,,,,.,.,.,.,.,.,.,.,
Batch828,08-Jun-09,16-Jun-09,RVM,9.691473945,2.551752244,0.836431032,4506.595452,0.342019262,60.7,84,5.1,72.44,4.4,22.7,220.57,5.01,
Batch829,08-Jun-09,16-Jun-09,RVM,,,,,,.,.,.,.,.,.,.,.,
Batch832,15-Jun-09,23-Jun-09,RVM,12.02658143,2.717883628,0.670546687,4255.945311,0.319349086,71.9,74,5.32,71.85,5.17,26.1,199.85,5.22,
Batch833,15-Jun-09,23-Jun-09,RVM,,,,,,.,.,.,.,.,.,.,.,
Batch836,22-Jun-09,30-Jun-09,RVM,10.90421471,3.04111632,0.477018963,5963.528421,0.272134664,82.3,57,4.69,57.4,4.72,23.8,171.15,4.07,
Batch837,22-Jun-09,30-Jun-09,RVM,,,,,,.,.,.,.,.,.,.,.,
Batch840,29-Jun-09,07-Jul-09,RVM,15.19611079,4.535098009,0.887726667,3168.64943,0.341571003,71.3,59,4.21,69.66,4.97,25.1,192.21,4.82,
Batch841,29-Jun-09,07-Jul-09,RVM,,,,,,.,.,.,.,.,.,.,.,
Batch844,06-Jul-09,14-Jul-09,RVM,11.32983809,5.446530144,0.515363141,4592.814597,0.320684621,93.7,66,6.18,74.97,7.02,35.6,185.14,6.59,
Batch845,06-Jul-09,14-Jul-09,RVM,,,,,,.,.,.,.,.,.,.,.,
Batch846,06-Jul-09,14-Jul-09,RVM,,,,,,.,.,.,.,.,.,.,.,
Batch849,13-Jul-09,21-Jul-09,RVM,8.554997436,2.795618375,0.701465318,7486.820115,0.472851918,100,72,7.2,76.71,7.67,40.2,183.89,7.39,
Batch850,13-Jul-09,21-Jul-09,RVM,,,,,,.,.,.,.,.,.,.,.,
Batch851,13-Jul-09,21-Jul-09,RVM,,,,,,.,.,.,.,.,.,.,.,
Batch854,20-Jul-09,28-Jul-09,RVM,15.9777498,3.119449133,0.90243872,5777.280426,0.539307226,82.2,98,8.06,74.56,6.13,31.3,200.25,6.27,
Batch855,20-Jul-09,28-Jul-09,RVM,,,,,,.,.,.,.,.,.,.,.,
Batch856,20-Jul-09,28-Jul-09,RVM,,,,,,.,.,.,.,.,.,.,.,
Batch859,27-Jul-09,04-Aug-09,RVM,11.05606689,4.092401515,0.844013755,4689.991884,0.414057694,84.7,108,9.15,87.4,7.4,36.7,212.74,7.81,
Batch860,27-Jul-09,04-Aug-09,RVM,,,,,,.,.,.,.,.,.,.,.,
Batch861,27-Jul-09,04-Aug-09,RVM,,,,,,.,.,.,.,.,.,.,.,
Batch865,31-Aug-09,08-Sep-09,RVM,15.47672722,1.427893656,0.628882006,5876.407632,0.416307273,109.5,72,7.88,48.5,5.31,26.6,216.36,5.76,
Batch866,31-Aug-09,08-Sep-09,RVM,,,,,,.,.,.,.,.,.,.,.,
Batch869,07-Sep-09,15-Sep-09,RVM,10.07723133,4.20926799,0.956303167,8239.220902,0.64749691,87.8,109,9.57,85.09,7.47,37.2,196.07,7.29,
Batch870,07-Sep-09,15-Sep-09,RVM,,,,,,.,.,.,.,.,.,.,.,
Batch871,07-Sep-09,15-Sep-09,RVM,,,,,,.,.,.,.,.,.,.,.,
Batch874,14-Sep-09,22-Sep-09,RVM,11.04645536,2.413600695,0.509678228,4409.4029,0.229392077,59,70,4.13,54.62,3.22,16.4,189.7,3.11,
Batch875,14-Sep-09,22-Sep-09,RVM,,,,,,.,.,.,.,.,.,.,.,
Batch878,21-Sep-09,29-Sep-09,RVM,13.96141739,1.755367915,0.50044468,5889.796976,0.393414471,64.2,88,5.65,71.96,4.62,23.4,213.65,5,
Batch879,21-Sep-09,29-Sep-09,RVM,,,,,,.,.,.,.,.,.,.,.,
Batch882,28-Sep-09,06-Oct-09,RVM,14.5853195,1.912037615,0.68204048,3095.146052,0.356501637,72.6,68,4.94,75.58,5.49,28.2,198.9,5.61,
Batch883,28-Sep-09,06-Oct-09,RVM,,,,,,.,.,.,.,.,.,.,.,
Batch886,05-Oct-09,13-Oct-09,RVM,13.75606146,3.010333238,0.891847718,9710.165175,0.451300686,72.7,122,8.87,97.63,7.1,36.1,197.23,7.12,
Batch887,05-Oct-09,13-Oct-09,RVM,,,,,,.,.,.,.,.,.,.,.,
Batch888,05-Oct-09,13-Oct-09,RVM,,,,,,.,.,.,.,.,.,.,.,
Batch891,12-Oct-09,20-Oct-09,RVM,14.85499847,4.4515926,0.715400385,5034.049643,0.295937808,94.6,56,5.3,82.35,7.79,39,179.01,6.98,
Batch892,12-Oct-09,20-Oct-09,RVM,,,,,,.,.,.,.,.,.,.,.,
Batch893,12-Oct-09,20-Oct-09,RVM,,,,,,.,.,.,.,.,.,.,.,
Batch896,19-Oct-09,27-Oct-09,RVM,12.06435405,4.507784609,0.855063351,4305.246461,0.334159337,83.6,67,5.6,69.58,5.82,29.2,195.92,5.72,
Batch897,19-Oct-09,27-Oct-09,RVM,,,,,,.,.,.,.,.,.,.,.,
Batch900,26-Oct-09,03-Nov-09,RVM,13.10784404,2.685772187,0.698775317,4595.221898,0.476214984,96.7,47,4.54,59.54,5.76,29.3,187.44,5.49,
Batch901,26-Oct-09,03-Nov-09,RVM,,,,,,.,.,.,.,.,.,.,.,
Batch904,02-Nov-09,10-Nov-09,RVM,15.23537131,3.782277225,0.783451385,3918.378831,0.376830758,64,75,4.8,77.13,4.94,25,205.32,5.13,
Batch905,02-Nov-09,10-Nov-09,RVM,,,,,,.,.,.,.,.,.,.,.,
Batch908,09-Nov-09,17-Nov-09,RVM,14.06518023,4.059539524,0.731372977,6801.340913,0.416625215,69.6,54,3.76,65.39,4.55,22.7,197.41,4.48,
Batch909,09-Nov-09,17-Nov-09,RVM,,,,,,.,.,.,.,.,.,.,.,
Batch912,16-Nov-09,24-Nov-09,RVM,10.60680174,3.965736536,0.601742395,7703.441575,0.495314158,70.9,91,6.45,100.67,7.14,36.7,171.9,6.31,
Batch913,16-Nov-09,24-Nov-09,RVM,,,,,,.,.,.,.,.,.,.,.,
Batch914,16-Nov-09,24-Nov-09,RVM,,,,,,.,.,.,.,.,.,.,.,
Batch917,23-Nov-09,01-Dec-09,RVM,13.43789315,3.498751204,0.67268064,6113.807881,0.509243642,73.1,107.23,7.84,79.78,5.83,29.2,178.52,5.21,
Batch918,23-Nov-09,01-Dec-09,RVM,,,,,,.,.,.,.,.,.,.,.,
Batch921,01-Dec-09,08-Dec-09,RVM,11.05706106,4.400805891,0.56187244,7303.665932,0.414887572,62.3,138.56,8.63,91.93,5.73,28.8,215.69,6.21,
Batch922,01-Dec-09,08-Dec-09,RVM,,,,,,.,.,.,.,.,.,.,.,
Batch924,07-Dec-09,15-Dec-09,RVM,18.10369904,3.974098802,0.885997421,6983.381343,0.449622704,63.1,99.485,6.28,79.5,5.02,25.9,178.94,4.63,
Batch926,07-Dec-09,15-Dec-09,RVM,,,,,,.,.,.,.,.,.,.,.,
Batch928,14-Dec-09,22-Dec-09,RVM,10.11762499,5.993871505,0.770599902,8193.51806,0.485780003,71.9,106.4,7.65,84.75,6.09,28.4,212.73,6.04,
Batch930,14-Dec-09,22-Dec-09,RVM,,,,,,.,.,.,.,.,.,.,.,
Batch933,11-Jan-10,19-Jan-10,RVM,10.78127601,4.07061048,0.950999371,4971.216271,0.301235637,60.9,70.508,4.29,76.16,4.64,23.4,200.34,4.69,
Batch934,11-Jan-10,19-Jan-10,RVM,,,,,,.,.,.,.,.,.,.,.,
Batch937,18-Jan-10,26-Jan-10,RVM,16.28625849,4.020950267,0.636227084,2597.372835,0.127908427,55.9,48.35,2.7,52.85,2.95,14.6,187.07,2.73,
Batch940,25-Jan-10,02-Feb-10,RVM,12.17167455,3.795401102,0.919107407,1372.566954,0.120727942,66,35.897,2.37,39.97,2.64,13.8,190.36,2.63,
Batch943,01-Feb-10,09-Feb-10,RVM,14.15923126,4.373150859,0.670117555,4747.630601,0.214259744,66.4,83.883,5.57,76.91,5.11,26.3,201.74,5.31,
Batch944,01-Feb-10,09-Feb-10,RVM,,,,,,.,.,.,.,.,.,.,.,
Batch947,08-Feb-10,16-Feb-10,RVM,12.3161475,3.37431193,0.762999534,4033.14151,0.317071459,66.4,61.127,4.06,66.48,4.41,23,190.57,4.38,
Batch948,08-Feb-10,16-Feb-10,RVM,,,,,,.,.,.,.,.,.,.,.,
Batch951,15-Feb-10,23-Feb-10,RVM,79.56095698,16.18146953,0.689021487,3607.599602,0.326538511,69.1,55.427,3.83,84.86,5.86,29.1,183.65,5.34,
Batch952,15-Feb-10,23-Feb-10,RVM,,,,,,.,.,.,.,.,.,.,.,
Batch955,22-Feb-10,02-Mar-10,RVM,80.24212871,21.51135444,0.675680121,3999.233648,0.380659017,76.2,52.524,4,60.37,4.6,22.9,198.45,4.54,
Batch956,22-Feb-10,02-Mar-10,RVM,,,,,,.,.,.,.,.,.,.,.,
Batch958,01-Mar-10,09-Mar-10,RVM,81.35213203,14.19959455,0.537211688,4457.049439,0.475748011,58.6,89.379,5.24,71.91,4.21,21.2,190.04,4.03,
Batch960,01-Mar-10,09-Mar-10,RVM,,,,,,.,.,.,.,.,.,.,.,
Batch963,08-Mar-10,16-Mar-10,RVM,70.25583649,15.02813757,0.680245672,3353.453965,0.296239779,81.5,52.046,4.24,40.64,3.31,16.7,186.39,3.11,
Batch964,08-Mar-10,16-Mar-10,RVM,,,,,,.,.,.,.,.,.,.,.,
Batch967,15-Mar-10,23-Mar-10,RVM,54.17573086,23.83576411,0.65147348,2299.94452,0.156395513,56.5,55.052,3.11,63.05,3.56,18.1,200.23,3.62,
Batch968,15-Mar-10,23-Mar-10,RVM,,,,,,.,.,.,.,.,.,.,.,
Batch971,22-Mar-10,30-Mar-10,RVM,71.24189687,11.28328692,0.527730526,4489.141616,0.49818707,64.7,74.043,4.79,60.2,3.89,19.4,187.31,3.63,
Batch972,22-Mar-10,30-Mar-10,RVM,,,,,,.,.,.,.,.,.,.,.,
Batch975,29-Mar-10,06-Apr-10,RVM,52.20427072,15.54343993,0.850902904,6467.890683,0.558242107,66,131.31,8.67,72.6,4.79,24.3,185.57,4.51,
Batch976,29-Mar-10,06-Apr-10,RVM,,,,,,.,.,.,.,.,.,.,.,
Batch979,05-Apr-10,13-Apr-10,RVM,60.09886719,10.88824723,0.756895306,2481.598148,0.217250504,56.7,37.44,2.12,45.64,2.59,13.2,203.95,2.69,
Batch982,12-Apr-10,20-Apr-10,RVM,89.27562221,10.79692564,0.892367762,2060.393115,0.214143911,61.5,59.409,3.65,54.98,3.38,17,196.28,3.34,
Batch983,12-Apr-10,20-Apr-10,RVM,,,,,,.,.,.,.,.,.,.,.,
Batch986,19-Apr-10,27-Apr-10,RVM,54.71012071,15.83240208,0.669294281,3836.80415,0.261860987,63.5,51.236,3.25,50.55,3.21,16.1,216.87,3.49,
Batch987,19-Apr-10,27-Apr-10,RVM,,,,,,.,.,.,.,.,.,.,.,
Batch990,26-Apr-10,04-May-10,RVM,62.50275339,10.0431995,0.514786833,4013.943556,0.225287941,64.5,43.586,2.81,56.73,3.66,18.1,210.71,3.81,
Batch991,26-Apr-10,04-May-10,RVM,,,,,,.,.,.,.,.,.,.,.,
Batch994,03-May-10,11-May-10,RVM,90.82745464,15.2967165,0.641846668,2663.344822,0.322820789,64.7,53.042,3.43,63.05,4.08,20,182.3,3.65,
Batch995,03-May-10,11-May-10,RVM,,,,,,.,.,.,.,.,.,.,.,
Batch997,10-May-10,18-May-10,RVM,93.54524578,18.87307022,0.910830421,1468.28559,0.115218374,51.3,36.475,1.87,44.7,2.29,11.8,185.42,2.19,
Batch1000,17-May-10,25-May-10,RVM,80.52434767,15.06265672,0.561187951,4067.147696,0.261094985,46.8,68.546,3.21,83.55,3.91,19.7,183.69,3.62,
Batch1001,17-May-10,25-May-10,RVM,,,,,,.,.,.,.,.,.,.,.,
Batch1002,24-May-10,01-Jun-10,RVM,57.94477726,8.024808163,0.633113075,2014.287075,0.16468535,47.2,40.22,1.9,60.8,2.87,14.6,132.66,1.94,
Batch1005,31-May-10,08-Jun-10,RVM,77.913727,7.237861146,0.786810848,1686.854541,0.179960151,53.8,51.282,2.76,47.81,2.57,13.4,213.21,2.86,
Batch1008,07-Jun-10,15-Jun-10,RVM,92.34077978,9.239363115,0.706141144,1492.661886,0.094031097,47.3,47.543,2.25,53.62,2.54,13.1,193.58,2.54,
Batch1011,14-Jun-10,22-Jun-10,RVM,61.25409791,15.32699067,0.796395518,1335.478684,0.121548584,58.8,40.426,2.38,46.22,2.72,13.8,196.05,2.71,
Batch1014,21-Jun-10,29-Jun-10,RVM,72.28491452,10.25386452,0.898957889,2869.464019,0.24050101,73.1,76.124,5.56,47.96,3.51,17.9,174.65,3.13,
Batch1016,21-Jun-10,29-Jun-10,RVM,,,,,,.,.,.,.,.,.,.,.,
Batch1018,28-Jun-10,06-Jul-10,RVM,54.35982534,10.73036996,0.886696824,3517.784612,0.241656874,63.1,66.902,4.22,51.44,3.25,16.6,175.76,2.92,
Batch1020,28-Jun-10,06-Jul-10,RVM,,,,,,.,.,.,.,.,.,.,.,
Batch1022,05-Jul-10,13-Jul-10,RVM,58.53301903,8.667650217,0.96068574,4843.708937,0.377032079,67,69.497,4.66,75.47,5.06,25.2,196.8,4.96,
Batch1024,05-Jul-10,13-Jul-10,RVM,,,,,,.,.,.,.,.,.,.,.,
Batch1026,12-Jul-10,20-Jul-10,RVM,95.53321903,5.907722338,0.537486141,1980.574928,0.153056464,64,24.588,1.57,31.16,1.99,10.4,175.17,1.82,
Batch1029,19-Jul-10,27-Jul-10,RVM,90.40244789,12.18810903,0.951488324,3617.527326,0.274349971,58.4,83.766,4.89,82.46,4.82,24.9,179.68,4.47,
Batch1031,19-Jul-10,27-Jul-10,RVM,,,,,,.,.,.,.,.,.,.,.,
Batch1033,26-Jul-10,03-Aug-10,RVM,72.41314372,9.421684045,0.723527928,2724.512581,0.258308497,56.7,77.403,4.39,75.28,4.27,21.5,193.94,4.17,
Batch1035,26-Jul-10,03-Aug-10,RVM,,,,,,.,.,.,.,.,.,.,.,
Batch1037,02-Aug-10,10-Aug-10,RVM,85.70211923,16.6336688,0.733389031,3259.744921,0.237804208,55.4,61.287,3.4,58.6,3.25,16.5,199.62,3.29,
Batch1039,02-Aug-10,10-Aug-10,RVM,,,,,,.,.,.,.,.,.,.,.,
Batch1041,09-Aug-10,17-Aug-10,RVM,83.12021891,13.23386053,0.738038376,3555.969168,0.237787434,58.1,59.643,3.47,79.51,4.62,22.9,197.48,4.52,
Batch1043,09-Aug-10,17-Aug-10,RVM,,,,,,.,.,.,.,.,.,.,.,
Batch1047,13-Sep-10,21-Sep-10,RVM,74.63280857,9.109477147,0.665188378,3021.401302,0.175668818,53.6,50.622,2.71,39.56,2.12,11.4,228.27,2.6,
Batch1049,20-Sep-10,28-Sep-10,RVM,59.10018232,12.40384951,0.901207124,3007.859042,0.179963306,56.5,65.188,3.68,46.23,2.61,13.5,217.18,2.93,
Batch1053,27-Sep-10,05-Oct-10,RVM,52.75897706,7.636956292,0.606625481,1484.971091,0.120564255,56.9,25.371,1.44,38.14,2.17,11.3,182.02,2.06,
Batch1056,04-Oct-10,12-Oct-10,RVM,56.36141648,7.097699495,0.480309297,1620.235315,0.108851571,52.2,48.081,2.51,34.07,1.78,9.1,228.83,2.08,
Batch1059,11-Oct-10,19-Oct-10,RVM,99.68244892,6.689181501,0.507310445,1324.085769,0.143698489,53.4,30.62,1.64,32.19,1.72,8.9,204.06,1.82,
Batch1062,18-Oct-10,26-Oct-10,RVM,84.64303453,5.018507829,0.624036991,651.1322159,0.074512969,52.1,14.481,0.75,18.13,0.94,5.1,189.03,0.96,
Batch1063,20-Oct-10,28-Oct-10,RVM,65.1894087,9.421203251,0.775893586,936.0617107,0.123152292,51.9,27.777,1.44,27.77,1.44,7.6,200.67,1.53,
Batch1066,25-Oct-10,02-Nov-10,RVM,52.5899863,8.700181938,0.50366909,3000.674129,0.197872274,63.3,67.879,4.3,68.39,4.33,21.7,199.56,4.33,
Batch1067,25-Oct-10,02-Nov-10,RVM,,,,,,.,.,.,.,.,.,.,.,
Batch1070,01-Nov-10,09-Nov-10,RVM,57.30788943,6.021039692,0.829091268,4124.989056,0.284804757,66.6,53.437,3.56,48.27,3.21,16.5,203.28,3.35,
Batch1071,01-Nov-10,09-Nov-10,RVM,,,,,,.,.,.,.,.,.,.,.,
Batch1074,08-Nov-10,16-Nov-10,RVM,96.14022389,13.68160796,0.886889077,5492.215247,0.452619468,62.4,75.216,4.69,62.46,3.9,19.4,207.51,4.03,
Batch1075,08-Nov-10,16-Nov-10,RVM,,,,,,.,.,.,.,.,.,.,.,
Batch1078,15-Nov-10,23-Nov-10,RVM,78.54864162,11.48092701,0.874913165,4163.240488,0.357298599,57.9,69.758,4.04,59.76,3.46,18,183.58,3.3,
Batch1079,15-Nov-10,23-Nov-10,RVM,,,,,,.,.,.,.,.,.,.,.,
Batch1082,22-Nov-10,30-Nov-10,RVM,57.0139703,16.16524356,0.811501025,3420.61551,0.25883765,70.4,45.784,3.22,70.88,4.99,24.6,196,4.82,
Batch1083,22-Nov-10,30-Nov-10,RVM,,,,,,.,.,.,.,.,.,.,.,
Batch1086,29-Nov-10,07-Dec-10,RVM,55.03336753,9.013558513,0.775538862,1440.805483,0.094874421,41.9,32.104,1.35,27.13,1.14,6.5,217.02,1.41,
Batch1089,06-Dec-10,14-Dec-10,RVM,59.33291965,7.082812154,0.743265875,4712.686247,0.315194049,61.4,60.639,3.72,44.64,2.74,14.5,232.37,3.37,
Batch1092,13-Dec-10,21-Dec-10,RVM,62.82266063,9.505766644,0.739929827,750.9871086,0.091894135,46.3,33.894,1.57,22.78,1.05,5.6,168.76,0.95,
Batch1095,10-Jan-11,18-Jan-11,RVM,51.15995066,12.32386158,0.948412954,6831.275387,0.553095595,66.6,98.613,6.57,67.79,4.51,22.5,199.07,4.48,
Batch1096,10-Jan-11,18-Jan-11,RVM,,,,,,.,.,.,.,.,.,.,.,
Batch1098,17-Jan-11,25-Jan-11,RVM,96.81270927,10.80628885,0.574671525,3323.00767,0.21168199,54.1,55.835,3.02,47.91,2.59,13.2,211.37,2.79,
Batch1101,21-Jan-11,01-Feb-11,RVM,74.33256366,7.033735177,0.747656454,3387.350108,0.311072369,59.2,153.77,9.1,72.77,4.31,21.9,191.74,4.2,
Batch1102,21-Jan-11,01-Feb-11,RVM,,,,,,.,.,.,.,.,.,.,.,
Batch1105,31-Jan-11,08-Feb-11,RVM,54.56423668,10.41470559,0.721486325,3624.427463,0.326295341,66.9,81.604,5.46,72,4.82,24.1,204.42,4.93,
Batch1107,31-Jan-11,08-Feb-11,RVM,,,,,,.,.,.,.,.,.,.,.,
Batch1110,07-Feb-11,15-Feb-11,RVM,98.59948344,10.77594388,0.700421923,2194.615609,0.27880131,61.4,44.72,2.75,49.15,3.02,14.8,202.96,3,
Batch1113,14-Feb-11,22-Feb-11,RVM,94.16664293,6.741361285,0.688737927,3631.344183,0.178157561,54.9,67.952,3.73,54.75,3.01,14.3,208.42,2.98,
Batch1116,21-Feb-11,01-Mar-11,RVM,50.95400249,6.495909917,0.348158498,3050.067083,0.159399122,55.2,49.077,2.71,33.11,1.83,9.2,221.8,2.04,
Batch1119,28-Feb-11,08-Mar-11,RVM,55.37570554,9.192206994,0.753257161,2869.486816,0.23196657,57.4,48.801,2.8,53.73,3.08,14.7,219.23,3.22,
Batch1122,07-Mar-11,15-Mar-11,RVM,75.62117698,12.19521073,0.4386485,2557.11061,0.1941833,51.3,40.871,2.1,36.96,1.9,10.1,205.88,2.08,
Batch1125,14-Mar-11,22-Mar-11,RVM,60.25530117,9.120381985,0.689204551,3137.397575,0.180486061,54.9,41.733,2.29,49.22,2.7,13.8,203.67,2.81,
Batch1128,21-Mar-11,29-Mar-11,RVM,52.67346633,6.320380967,0.511899522,1345.581896,0.07842045,42.9,21.338,0.92,18.24,0.78,4.4,203.44,0.9,
Batch1131,28-Mar-11,05-Apr-11,RVM,52.60413055,12.92169824,0.647771494,2145.916752,0.180386713,47.6,39.437,1.88,35.99,1.71,9.3,180.63,1.68,
Batch1134,04-Apr-11,12-Apr-11,RVM,65.60347737,6.492301234,0.682938562,1384.012047,0.061635425,44.6,31.155,1.39,27.8,1.24,6.8,172.48,1.17,
Batch1135,06-Apr-11,14-Apr-11,RVM,50.1161002,9.681997142,0.771425685,3260.115399,0.143312377,48.6,71.129,3.46,58.63,2.85,14.6,223.86,3.27,
Batch1138,11-Apr-11,19-Apr-11,RVM,62.03402537,8.325342479,0.789419879,8141.165692,0.465687037,74.8,120.2,8.99,83.32,6.23,30.8,186.48,5.74,
Batch1139,11-Apr-11,19-Apr-11,RVM,,,,,,.,.,.,.,.,.,.,.,
Batch1140,11-Apr-11,19-Apr-11,RVM,,,,,,.,.,.,.,.,.,.,.,
Batch1143,18-Apr-11,26-Apr-11,RVM,17.69382166,2.268116119,0.738854029,5387.233606,0.296508822,67.9,98.539,6.69,73.81,5.01,25.3,184.65,4.67,
Batch1144,18-Apr-11,26-Apr-11,RVM,,,,,,.,.,.,.,.,.,.,.,
Batch1147,25-Apr-11,03-May-11,RVM,92.16898621,15.90971368,0.610805809,6339.638033,0.510632955,72.4,117.6,8.51,100.14,7.25,36.6,201,7.36,
Batch1148,25-Apr-11,03-May-11,RVM,,,,,,.,.,.,.,.,.,.,.,
Batch1149,25-Apr-11,03-May-11,RVM,,,,,,.,.,.,.,.,.,.,.,
Batch1152,02-May-11,10-May-11,RVM,10.76473039,0.859671775,0.604279831,4098.876464,0.269517635,54.9,111.32,6.11,55.28,3.03,14.7,197.56,2.9,
Batch1155,09-May-11,17-May-11,RVM,24.74595684,4.104045509,0.415968698,16753.06761,0.591225817,89.5,68.924,6.17,59.06,5.29,26.8,189.3,5.07,
Batch1156,09-May-11,17-May-11,RVM,,,,,,.,.,.,.,.,.,.,.,
Batch1159,16-May-11,24-May-11,RVM,72.44959698,8.995953681,0.687454247,2102.340665,0.243003079,70.2,46.378,3.26,44.51,3.12,15.5,204.69,3.17,
Batch1162,23-May-11,31-May-11,RVM,10.81187781,2.780798097,0.651660294,4657.633185,0.22807315,59.7,98.448,5.88,102.87,6.14,30,201.16,6.03,
Batch1163,23-May-11,31-May-11,RVM,,,,,,.,.,.,.,.,.,.,.,
Batch1166,30-May-11,07-Jun-11,RVM,13.78259016,1.723797713,0.451409353,3028.484227,0.180902908,50.8,73.564,3.74,63.78,3.24,16.4,221.96,3.64,
Batch1167,30-May-11,07-Jun-11,RVM,,,,,,.,.,.,.,.,.,.,.,
Batch1170,06-Jun-11,14-Jun-11,RVM,2.788145962,0.485819809,0.727814978,4617.607066,0.339312903,66.3,75.486,5,65.16,4.32,21.7,207.55,4.5,
Batch1171,06-Jun-11,14-Jun-11,RVM,,,,,,.,.,.,.,.,.,.,.,
Batch1174,13-Jun-11,21-Jun-11,RVM,18.00947781,3.527835927,0.608182398,5072.631672,0.235760622,50,59.22,2.96,52.62,2.63,13.5,191.38,2.58,
Batch1177,20-Jun-11,28-Jun-11,RVM,26.62073151,2.911254506,0.442269785,5902.32885,0.359984156,64.1,123.38,7.91,86.54,5.55,28.5,170.71,4.87,
Batch1178,20-Jun-11,28-Jun-11,RVM,,,,,,.,.,.,.,.,.,.,.,
Batch1181,27-Jun-11,05-Jul-11,RVM,32.39665985,3.614932293,0.505847949,6010.127137,0.4310185,70.7,72.347,5.11,44.7,3.16,14.2,234.18,3.33,
Batch1184,04-Jul-11,12-Jul-11,RVM,3.196594588,0.512868318,0.59982436,7051.644051,0.35008674,72.8,88.837,6.47,72.35,5.27,26.8,198.41,5.32,
Batch1185,04-Jul-11,12-Jul-11,RVM,,,,,,.,.,.,.,.,.,.,.,
Batch1188,11-Jul-11,19-Jul-11,RVM,64.08908474,13.32210364,0.695017998,6375.392783,0.398635609,68.5,122.22,8.37,67.12,4.6,23,180.74,4.16,
Batch1189,11-Jul-11,19-Jul-11,RVM,,,,,,.,.,.,.,.,.,.,.,
Batch1192,18-Jul-11,26-Jul-11,RVM,61.9569839,12.76538004,0.471514684,2599.544852,0.158337217,56.3,54.677,3.08,36.76,2.07,10.4,198.07,2.06,
Batch1195,25-Jul-11,02-Aug-11,RVM,99.09252806,8.188892648,0.76751425,3504.69639,0.139530235,58.5,72.122,4.22,74,4.33,21.5,172.48,3.71,
Batch1196,25-Jul-11,02-Aug-11,RVM,,,,,,.,.,.,.,.,.,.,.,
Batch1199,01-Aug-11,09-Aug-11,RVM,93.34796455,10.89704981,0.769250416,4466.815628,0.211706367,57.5,65.395,3.76,48.77,2.8,14.6,183.4,2.68,
Batch1203,06-Sep-11,13-Sep-11,RVM,29.77137544,6.873834028,0.815316624,2233.089727,0.14068086,102.2,38.829,3.97,52.6,5.38,27.4,185.36,5.08,
Batch1204,06-Sep-11,13-Sep-11,RVM,,,,,,.,.,.,.,.,.,.,.,
Batch1207,12-Sep-11,20-Sep-11,RVM,59.8983796,7.982382504,0.782338741,3013.342022,0.249260982,49.3,61.067,3.01,57.61,2.84,14.4,168.56,2.43,
Batch1210,19-Sep-11,27-Sep-11,RVM,97.90436194,10.76408341,0.928660652,2159.027089,0.262661357,46.2,63.086,2.91,70.71,3.27,16.9,180.88,3.06,
Batch1211,19-Sep-11,27-Sep-11,RVM,,,,,,.,.,.,.,.,.,.,.,
Batch1214,26-Sep-11,04-Oct-11,RVM,83.40087349,7.899562484,0.778902161,1228.79603,0.101781449,49.5,28.796,1.43,37.44,1.85,9.5,190.68,1.81,
Batch1216,03-Oct-11,11-Oct-11,RVM,11.77095622,2.368463861,0.962430239,2617.987875,0.25616375,61.8,72.274,4.47,66.91,4.14,21.1,163.31,3.45,
Batch1218,03-Oct-11,11-Oct-11,RVM,,,,,,.,.,.,.,.,.,.,.,
Batch1220,10-Oct-11,19-Oct-11,RVM,4.947468137,0.54665113,0.552646833,4741.750711,0.29346037,84.3,58.066,4.89,52.82,4.45,22.8,200.36,4.57,
Batch1222,10-Oct-11,19-Oct-11,RVM,,,,,,.,.,.,.,.,.,.,.,
Batch1225,17-Oct-11,25-Oct-11,RVM,8.690708965,1.115030992,0.643209056,3015.645299,0.167200308,58.5,68.312,4,72.33,4.23,22.2,177.2,3.93,
Batch1226,17-Oct-11,25-Oct-11,RVM,,,,,,.,.,.,.,.,.,.,.,
Batch1229,24-Oct-11,01-Nov-11,RVM,6.713145675,0.801335614,0.516082353,2625.879336,0.166545641,47.2,49.849,2.35,46.71,2.2,11.3,211.23,2.39,
Batch1232,31-Oct-11,08-Nov-11,RVM,42.23808748,3.549855982,0.542211671,5461.56308,0.291411014,55.8,107.28,5.99,67.71,3.78,19.1,179.6,3.43,
Batch1233,31-Oct-11,08-Nov-11,RVM,,,,,,.,.,.,.,.,.,.,.,
Batch1236,07-Nov-11,15-Nov-11,RVM,6.61269983,0.941092266,0.854607764,4084.131563,0.147590127,52.6,87.136,4.58,64.23,3.38,17.3,176.58,3.05,
Batch1237,07-Nov-11,15-Nov-11,RVM,,,,,,.,.,.,.,.,.,.,.,
Batch1240,14-Nov-11,22-Nov-11,RVM,26.28998391,4.101555609,0.702559359,2041.187185,0.144250275,61,49.383,3.01,69.33,4.23,21.7,175.06,3.8,
Batch1241,14-Nov-11,22-Nov-11,RVM,,,,,,.,.,.,.,.,.,.,.,
Batch1244,21-Nov-11,29-Nov-11,RVM,10.88176566,2.230560879,0.435913734,5125.163497,0.429040502,55.2,115.29,6.36,85.4,4.71,23.6,207.5,4.9,
Batch1245,21-Nov-11,29-Nov-11,RVM,,,,,,.,.,.,.,.,.,.,.,
Batch1248,28-Nov-11,06-Dec-11,RVM,74.32050936,10.26711267,0.697013279,4155.21219,0.180363641,62,79.208,4.91,63.53,3.94,20.3,179.64,3.65,
Batch1249,28-Nov-11,06-Dec-11,RVM,,,,,,.,.,.,.,.,.,.,.,
Batch1252,05-Dec-11,13-Dec-11,RVM,92.04763156,13.51196473,0.588582797,2643.764224,0.274802058,54.1,94.024,5.09,56.09,3.03,14.6,206.14,3.01,
Batch1254,12-Dec-11,20-Dec-11,RVM,52.9728921,14.51551525,0.855502614,3746.312233,0.195911876,74.1,49.94,3.7,52.96,3.92,19.5,208.69,4.07,
Batch1255,12-Dec-11,20-Dec-11,RVM,,,,,,.,.,.,.,.,.,.,.,
Batch1258,09-Jan-12,17-Jan-12,RVM,75.6479076,25.1488768,0.507914033,7056.594656,0.361934717,61.9,103.17,6.39,96.31,5.96,28.9,201.07,5.81,
Batch1260,09-Jan-12,17-Jan-12,RVM,,,,,,.,.,.,.,.,.,.,.,
Batch1262,16-Jan-12,24-Jan-12,RVM,90.97287364,7.984874188,0.501355054,4951.503556,0.195822332,61.7,132.68,8.19,71.89,4.44,22.4,177.62,3.98,
Batch1264,16-Jan-12,24-Jan-12,RVM,,,,,,.,.,.,.,.,.,.,.,
Batch1266,23-Jan-12,31-Jan-12,RVM,8.026662777,0.725503777,0.800567928,3830.758135,0.217826767,58.2,85.733,4.99,75.19,4.38,22.5,191.07,4.3,
Batch1268,23-Jan-12,31-Jan-12,RVM,,,,,,.,.,.,.,.,.,.,.,
Batch1270,30-Jan-12,07-Feb-12,RVM,6.905139197,0.890358485,0.79931307,3565.164586,0.268208686,68.2,48.492,3.31,37.64,2.57,12.4,229.77,2.85,
Batch1274,06-Feb-12,14-Feb-12,RVM,32.41933921,6.19210667,0.780751477,7658.392316,0.422462198,60.4,110.65,6.68,90.46,5.46,27.4,193.61,5.3,
Batch1275,06-Feb-12,14-Feb-12,RVM,,,,,,.,.,.,.,.,.,.,.,
Batch1278,13-Feb-12,21-Feb-12,RVM,82.23168769,10.95180796,0.744989573,3416.930209,0.231911131,51.8,74.096,3.84,71.42,3.7,19,180.02,3.42,
Batch1279,13-Feb-12,21-Feb-12,RVM,,,,,,.,.,.,.,.,.,.,.,
Batch1282,20-Feb-12,28-Feb-12,RVM,91.65394683,6.804150141,0.836662391,2476.333606,0.163898146,48.3,49.513,2.39,55.96,2.7,14.1,175.32,2.47,
Batch1285,27-Feb-12,06-Mar-12,RVM,7.800197588,0.570965615,0.56631302,1916.046601,0.132958242,49.5,74.173,3.67,49.66,2.46,13.6,177.04,2.41,
Batch1288,05-Mar-12,13-Mar-12,RVM,38.25396489,5.335590943,0.563376974,3281.152272,0.334541769,92.1,60.264,5.55,57.58,5.3,27.2,190.42,5.18,
Batch1289,05-Mar-12,13-Mar-12,RVM,,,,,,.,.,.,.,.,.,.,.,
Batch1292,12-Mar-12,20-Mar-12,RVM,63.96799709,8.194955287,0.776236797,1308.057348,0.100830428,46.7,36.085,1.69,32.89,1.54,8.2,201.44,1.65,
Batch1295,19-Mar-12,27-Mar-12,RVM,62.39872484,13.98591598,0.535836176,4477.384269,0.252376848,70.9,83.929,5.95,77.21,5.47,28,179.63,5.03,
Batch1296,19-Mar-12,27-Mar-12,RVM,,,,,,.,.,.,.,.,.,.,.,
Batch1299,26-Mar-12,03-Apr-12,RVM,76.60418786,16.12187161,0.698433728,6173.404682,0.379217777,65.4,136.93,8.96,106.99,7,35.2,190.99,6.72,
Batch1300,26-Mar-12,03-Apr-12,RVM,,,,,,.,.,.,.,.,.,.,.,
Batch1301,26-Mar-12,03-Apr-12,RVM,,,,,,.,.,.,.,.,.,.,.,
Batch1304,02-Apr-12,10-Apr-12,RVM,94.56576875,15.16590954,0.652068917,8369.773988,0.541499757,72.1,83.785,6.04,70.83,5.11,26,174.59,4.54,
Batch1305,02-Apr-12,10-Apr-12,RVM,,,,,,.,.,.,.,.,.,.,.,
Batch1308,09-Apr-12,17-Apr-12,RVM,5.595694883,1.021551349,0.456751474,2767.84523,0.234154133,62.3,79.889,4.98,70.12,4.37,22.3,197.82,4.41,
Batch1309,09-Apr-12,17-Apr-12,RVM,,,,,,.,.,.,.,.,.,.,.,
Batch1312,16-Apr-12,24-Apr-12,RVM,22.86732726,1.841442321,0.534051984,2479.685075,0.161728462,58.1,81.44,4.73,70.6,4.1,20.6,192.6,3.97,
Batch1313,16-Apr-12,24-Apr-12,RVM,,,,,,.,.,.,.,.,.,.,.,
Batch1316,23-Apr-12,01-May-12,RVM,80.54102501,8.475931596,0.810119738,3279.990412,0.242034603,60.6,92.496,5.61,75.08,4.55,23.1,200.3,4.63,
Batch1317,23-Apr-12,01-May-12,RVM,,,,,,.,.,.,.,.,.,.,.,
Batch1320,30-Apr-12,08-May-12,RVM,11.75541719,2.644177537,0.440797054,7801.88991,0.492507386,66.6,133.53,8.89,84.81,5.65,28.4,201.74,5.73,
Batch1321,30-Apr-12,08-May-12,RVM,,,,,,.,.,.,.,.,.,.,.,
Batch1323,07-May-12,15-May-12,RVM,60.40863094,8.796166525,0.631726758,4200.852754,0.207793578,70.4,72.489,5.1,68.27,4.81,24.7,191.47,4.73,
Batch1325,07-May-12,15-May-12,RVM,,,,,,.,.,.,.,.,.,.,.,
Batch1328,14-May-12,22-May-12,RVM,93.89263374,11.42491808,0.729277991,2996.39461,0.342831573,56.4,95.55,5.39,70.94,4,20.2,196.43,3.97,
Batch1329,14-May-12,22-May-12,RVM,,,,,,.,.,.,.,.,.,.,.,
Batch1332,21-May-12,29-May-12,RVM,87.85452717,20.46723229,0.616185812,3321.266887,0.161786724,57.2,60.471,3.46,57.48,3.29,16.8,219.57,3.69,
Batch1333,21-May-12,29-May-12,RVM,,,,,,.,.,.,.,.,.,.,.,
Batch1336,28-May-12,05-Jun-12,RVM,4.2540159,0.728776816,0.438931432,3273.851938,0.227664913,54.9,85.226,4.68,87.33,4.79,24.6,181.29,4.46,
Batch1337,28-May-12,05-Jun-12,RVM,,,,,,.,.,.,.,.,.,.,.,
Batch1340,04-Jun-12,12-Jun-12,RVM,17.14873768,2.639008064,0.767612725,3732.876571,0.275658751,47.8,80.637,3.85,70.05,3.35,17.5,177.18,3.1,
Batch1341,04-Jun-12,12-Jun-12,RVM,,,,,,.,.,.,.,.,.,.,.,
Batch1343,11-Jun-12,19-Jun-12,RVM,17.566813,3.313935627,0.694346033,3304.797124,0.387422233,64.2,74.271,4.77,64.4,4.13,20.8,198.55,4.13,
Batch1345,11-Jun-12,19-Jun-12,RVM,,,,,,.,.,.,.,.,.,.,.,
Batch1348,18-Jun-12,26-Jun-12,RVM,2.667397534,0.887293068,0.582117479,4604.988491,0.35326716,77.7,73.492,5.71,78.63,6.11,28.2,227.18,6.41,
Batch1349,18-Jun-12,26-Jun-12,RVM,,,,,,.,.,.,.,.,.,.,.,
Batch1352,25-Jun-12,03-Jul-12,RVM,21.53409554,2.694168537,0.725209673,3156.220448,0.156492578,59.3,58.957,3.5,57.17,3.39,17.2,167.03,2.87,
Batch1353,25-Jun-12,03-Jul-12,RVM,,,,,,.,.,.,.,.,.,.,.,
Batch1356,02-Jul-12,10-Jul-12,RVM,49.72398677,5.675768131,0.591191502,3291.272402,0.294732004,55.5,92.41,5.13,79.68,4.42,22.5,161.59,3.64,
Batch1357,02-Jul-12,10-Jul-12,RVM,,,,,,.,.,.,.,.,.,.,.,
Batch1359,09-Jul-12,17-Jul-12,RVM,57.58377114,11.36134519,0.754475278,2431.710648,0.189513366,68.1,71.74,4.89,54.8,3.73,20,164.19,3.28,
Batch1361,09-Jul-12,17-Jul-12,RVM,,,,,,.,.,.,.,.,.,.,.,
Batch1364,16-Jul-12,24-Jul-12,RVM,88.38902843,18.52155155,0.459650296,2399.269749,0.181349121,74.4,34.769,2.59,34.2,2.54,12.6,233.91,2.95,
Batch1367,23-Jul-12,31-Jul-12,RVM,95.12544694,7.625816662,0.799389826,3636.560162,0.153204611,59.1,47.175,2.79,55.99,3.31,16.6,177.43,2.95,
Batch1368,23-Jul-12,31-Jul-12,RVM,,,,,,.,.,.,.,.,.,.,.,
Batch1371,30-Jul-12,07-Aug-12,RVM,10.72250627,2.128827744,0.426803701,6639.722468,0.27593178,51.9,100.17,5.2,85.04,4.41,22.4,190.7,4.27,
Batch1372,30-Jul-12,07-Aug-12,RVM,,,,,,.,.,.,.,.,.,.,.,
Batch1375,06-Aug-12,14-Aug-12,RVM,18.31179037,3.680535759,0.504046805,5930.221517,0.38655332,64.7,92.721,6,77.93,5.04,25.6,197.36,5.05,
Batch1376,06-Aug-12,14-Aug-12,RVM,,,,,,.,.,.,.,.,.,.,.,
Batch1380,10-Sep-12,18-Sep-12,RVM,25.53631334,3.2491895,0.830624432,5810.626746,0.381104682,73,105.98,7.74,93.39,6.82,32.3,186.42,6.02,
Batch1381,10-Sep-12,18-Sep-12,RVM,,,,,,.,.,.,.,.,.,.,.,
Batch1382,10-Sep-12,18-Sep-12,RVM,,,,,,.,.,.,.,.,.,.,.,
Batch1385,17-Sep-12,25-Sep-12,RVM,7.041164863,1.123984627,0.720654522,3461.945616,0.157513974,66.7,51.146,3.41,.,.,17.1,202.13,3.46,
Batch1386,17-Sep-12,25-Sep-12,RVM,,,,,,.,.,.,.,.,.,.,.,
Batch1389,24-Sep-12,02-Oct-12,RVM,20.52797095,3.943849191,0.5164534,1101.213171,0.085244529,50.8,21.062,1.07,39.91,2.03,10.8,127.47,1.38,
Batch1392,01-Oct-12,09-Oct-12,RVM,11.64737739,1.661614889,0.599188129,2761.571822,0.153665401,63.2,65.91,4.17,55.55,3.51,17.2,202.71,3.49,
Batch1393,01-Oct-12,09-Oct-12,RVM,,,,,,.,.,.,.,.,.,.,.,
Batch1395,08-Oct-12,16-Oct-12,RVM,6.429377356,0.427650243,0.839755606,1273.487392,0.060967954,50.4,19.714,0.99,20.76,1.05,5.6,206.7,1.16,
Batch1399,15-Oct-12,23-Oct-12,RVM,63.72922215,6.171228077,0.570215898,3426.742117,0.175688154,54.9,54.703,3,48.96,2.69,13.8,211.32,2.92,
Batch1402,22-Oct-12,30-Oct-12,RVM,48.4966156,7.177110903,0.555925894,3452.219415,0.318661065,56.1,66.2,3.71,60.08,3.37,16.9,182.58,3.09,
Batch1403,22-Oct-12,30-Oct-12,RVM,,,,,,.,.,.,.,.,.,.,.,
Batch1407,05-Nov-12,13-Nov-12,RVM,70.24841873,9.789424501,0.790535885,5065.729873,0.299378749,70.4,56.384,3.97,54.29,3.82,19,212.72,4.04,
Batch1408,05-Nov-12,13-Nov-12,RVM,,,,,,.,.,.,.,.,.,.,.,
Batch1410,12-Nov-12,20-Nov-12,RVM,89.60941816,9.762035421,0.888817865,4467.922629,0.338278058,60.4,102.76,6.21,68.03,4.11,20.8,188.52,3.92,
Batch1412,12-Nov-12,20-Nov-12,RVM,,,,,,.,.,.,.,.,.,.,.,
Batch1414,19-Nov-12,27-Nov-12,RVM,61.68161463,16.05064692,0.472030755,4235.29066,0.353563036,73.9,85.467,6.32,51.85,3.83,19.7,213.33,4.2,
Batch1416,19-Nov-12,27-Nov-12,RVM,,,,,,.,.,.,.,.,.,.,.,
Batch1419,26-Nov-12,04-Dec-12,RVM,86.77529934,9.77130952,0.973622421,2812.098384,0.211817415,73.9,45.388,3.35,44.53,3.29,16.8,205.49,3.45,
Batch1420,26-Nov-12,04-Dec-12,RVM,,,,,,.,.,.,.,.,.,.,.,
Batch1423,03-Dec-12,11-Dec-12,RVM,4.602410399,0.456202127,0.527320016,5480.544445,0.307258541,54.4,67.796,3.69,54.6,2.97,14.4,182.29,2.62,
Batch1426,10-Dec-12,18-Dec-12,RVM,92.80882694,15.28390337,0.722883161,5143.495562,0.421129939,65.3,69.068,4.51,76.7,5.01,14.5,197.52,2.86,
Batch1429,17-Dec-12,21-Dec-12,RVM,66.80671414,9.670913737,0.565408629,1544.880128,0.182879278,63.1,33.051,2.09,37.49,2.37,12,200.85,2.41,
Batch1430,19-Dec-12,22-Dec-12,RVM,3.40071719,0.622853235,0.590724722,3599.485898,0.298478992,68.1,46.032,3.13,52.29,3.56,17.9,180.64,3.23,
Batch1431,19-Dec-12,22-Dec-12,RVM,,,,,,.,.,.,.,.,.,.,.,
Batch1434,07-Jan-13,15-Jan-13,RVM,13.63632277,1.145658506,0.886573552,2020.24357,0.198698451,52.3,52.051,2.72,66.05,3.45,17.9,170.43,3.05,
Batch1436,07-Jan-13,15-Jan-13,RVM,,,,,,.,.,.,.,.,.,.,.,
Batch1439,14-Jan-13,22-Jan-13,RVM,2.02847376,0.337625606,0.765650149,1502.793374,0.098492516,63.6,17.564,1.12,22.28,1.42,7.5,175.59,1.32,
Batch1440,14-Jan-13,22-Jan-13,RVM,3.297744597,0.283738155,0.799276242,1252.230604,0.107737729,63.6,17.564,1.12,22.28,1.42,7.5,175.59,1.32,
Batch1443,21-Jan-13,29-Jan-13,RVM,85.84043483,13.28568395,0.668543682,1921.37081,0.167417313,64.8,41.537,2.69,38.2,2.48,12.4,183.13,2.27,
Batch1446,28-Jan-13,05-Feb-13,RVM,86.59332609,13.09086905,0.500737494,3379.951227,0.269725052,66,44.548,2.94,43.25,2.85,14.7,.,.,
Batch1449,04-Feb-13,12-Feb-13,RVM,3.453503878,0.534974077,0.79616913,4548.554161,0.225797603,72.1,78.533,5.66,64.42,4.64,.,178.3,.,
Batch1450,04-Feb-13,12-Feb-13,RVM,,,,,,.,.,.,.,.,.,.,.,
Batch1453,11-Feb-13,19-Feb-13,RVM,12.01630596,1.7809356,0.64747731,2325.068166,0.296710635,58.1,79.679,4.63,66.79,3.88,19.9,173.7,3.46,
Batch1454,11-Feb-13,19-Feb-13,RVM,,,,,,.,.,.,.,.,.,.,.,
Batch1457,18-Feb-13,26-Feb-13,RVM,16.49334371,3.811844641,0.775813222,2845.040334,0.121577849,57.1,38.89,2.22,42.62,2.43,.,173.96,.,
Batch1460,25-Feb-13,05-Mar-13,RVM,4.166066129,0.725067916,0.985327655,2537.096123,0.175174955,57.8,60.067,3.47,54.05,3.12,14.4,.,.,
Batch1463,04-Mar-13,12-Mar-13,RVM,3.292054414,0.695858151,0.462277635,5608.136737,0.37174465,63.4,83.196,5.27,64.64,4.1,20.7,.,.,
Batch1464,04-Mar-13,12-Mar-13,RVM,,,,,,.,.,.,.,.,.,.,.,
Batch1467,11-Mar-13,19-Mar-13,RVM,66.17565703,13.13406203,0.817281175,5811.559387,0.334874791,78.3,88.221,6.91,66.23,5.19,.,.,.,
Batch1468,11-Mar-13,19-Mar-13,RVM,,,,,,.,.,.,.,.,.,.,.,
Batch1471,18-Mar-13,26-Mar-13,RVM,3.302874686,0.301021512,0.823421335,3987.57111,0.178773149,78.7,55.259,4.35,56.03,4.41,.,.,.,
Batch1472,18-Mar-13,26-Mar-13,RVM,,,,,,.,.,.,.,.,.,.,.,
Batch1475,25-Mar-13,02-Apr-13,RVM,5.146691058,0.554792753,0.624662594,6537.593392,0.288213502,66.4,100.74,6.69,65.15,4.33,.,.,.,
Batch1476,25-Mar-13,02-Apr-13,RVM,,,,,,.,.,.,.,.,.,.,.,
Batch1479,01-Apr-13,09-Apr-13,RVM,96.1603901,10.93975528,0.579078663,3957.122,0.438269757,70.3,103.21,7.26,88.13,6.2,.,.,.,
Batch1480,01-Apr-13,09-Apr-13,RVM,,,,,,.,.,.,.,.,.,.,.,
Batch1482,08-Apr-13,16-Apr-13,RVM,83.67986099,14.86010868,0.633935511,5117.726093,0.394037666,79.3,56.244,4.46,49.73,3.94,.,.,.,
Batch1484,08-Apr-13,16-Apr-13,RVM,,,,,,.,.,.,.,.,.,.,.,
Batch1487,15-Apr-13,23-Apr-13,RVM,57.86596767,11.47172054,0.888251902,3296.942622,0.37360948,89.2,58.552,5.22,50.11,4.47,.,.,.,
Batch1488,15-Apr-13,23-Apr-13,RVM,,,,,,.,.,.,.,.,.,.,.,
Batch1491,22-Apr-13,30-Apr-13,RVM,3.048154404,0.36237104,0.869052518,6047.622043,0.438911072,84.4,74.703,6.3,65.19,5.5,.,.,.,
Batch1492,22-Apr-13,30-Apr-13,RVM,,,,,,.,.,.,.,.,.,.,.,
Batch1495,29-Apr-13,07-May-13,RVM,13.61877565,1.672386995,0.616336087,3578.894937,0.172165236,83.6,44.695,3.74,41.26,3.45,.,.,.,
Batch1496,29-Apr-13,07-May-13,RVM,,,,,,.,.,.,.,.,.,.,.,
Batch1499,06-May-13,14-May-13,RVM,65.45323214,7.466946564,0.705757056,3768.940766,0.348204171,87.3,52.263,4.56,47.03,4.11,.,.,.,
Batch1500,06-May-13,14-May-13,RVM,,,,,,.,.,.,.,.,.,.,.,
Batch1503,13-May-13,21-May-13,RVM,28.5687575,3.419288344,0.627112052,3379.285991,0.232829025,76.1,57.126,4.35,45.31,3.45,.,.,.,
Batch1504,13-May-13,21-May-13,RVM,,,,,,.,.,.,.,.,.,.,.,
Batch1507,20-May-13,28-May-13,RVM,77.17689176,13.1655292,0.639768569,2805.443199,0.381203248,77.7,58.971,4.58,41.79,3.25,.,.,.,
Batch1508,20-May-13,28-May-13,RVM,,,,,,.,.,.,.,.,.,.,.,
Batch1511,27-May-13,31-May-13,RVM,71.29142652,13.07348052,0.891330225,2631.109091,0.306592448,77.3,54.956,4.25,43.11,3.33,.,.,.,
Batch1512,27-May-13,31-May-13,RVM,,,,,,.,.,.,.,.,.,.,.,
Batch1515,25-Jun-13,02-Jul-13,RVM,73.25992559,9.57253902,0.621354056,4012.124524,0.268133275,78.2,47.327,3.7,46.46,3.63,.,.,.,
Batch1516,25-Jun-13,02-Jul-13,RVM,,,,,,.,.,.,.,.,.,.,.,
Batch1519,01-Jul-13,09-Jul-13,RVM,52.62049765,14.54901534,0.958668054,6106.78588,0.258795963,93.3,62.438,5.83,48.72,4.55,.,180.07,.,
Batch1520,01-Jul-13,09-Jul-13,RVM,,,,,,.,.,.,.,.,.,.,.,
Batch1523,08-Jul-13,16-Jul-13,RVM,60.00927864,9.594003692,0.667305697,4769.70894,0.191263502,98.2,43.282,4.25,44.56,4.38,21.9,.,.,
Batch1524,08-Jul-13,16-Jul-13,RVM,,,,,,.,.,.,.,.,.,.,.,
Batch1527,15-Jul-13,23-Jul-13,RVM,82.18593699,13.91540083,0.731106625,3511.926947,0.258527077,75.6,58.402,4.42,54.59,4.13,20.6,194.87,4.01,
Batch1528,15-Jul-13,23-Jul-13,RVM,,,,,,.,.,.,.,.,.,.,.,
Batch1531,22-Jul-13,30-Jul-13,RVM,62.80799043,8.942357855,0.452393432,2671.454805,0.119889468,71.2,32.445,2.31,32.83,2.34,11.9,182.05,2.17,
Batch1534,29-Jul-13,06-Aug-13,RVM,72.1217898,8.702974076,0.510578793,5112.366719,0.361341803,78.7,61.593,4.85,54.2,4.27,21.9,157.26,3.44,
Batch1535,29-Jul-13,06-Aug-13,RVM,,,,,,.,.,.,.,.,.,.,.,
Batch1538,05-Aug-13,13-Aug-13,RVM,67.77721327,7.435342232,0.530263617,2495.619276,0.155221971,76,42.53,3.23,34.25,2.6,13,221.69,2.88,
Batch1541,12-Aug-13,19-Aug-13,RVM,89.43388089,13.59051355,0.616753752,8478.090687,0.606160086,80,84.568,6.77,59.58,4.77,24.1,156.37,3.77,
Batch1542,12-Aug-13,19-Aug-13,RVM,,,,,,.,.,.,.,.,.,.,.,
Batch1545,19-Aug-13,27-Aug-13,RVM,56.96310505,12.55640991,0.696072361,4705.458738,0.252516125,75.5,61.507,4.64,50.54,3.82,19.1,200.8,3.84,
Batch1546,19-Aug-13,27-Aug-13,RVM,,,,,,.,.,.,.,.,.,.,.,
Batch1549,26-Aug-13,03-Sep-13,RVM,54.47783989,11.79550391,0.733340834,3155.953077,0.185259115,73.2,63.048,4.62,42.47,3.11,14.4,196.07,2.82,
Batch1552,02-Sep-13,10-Sep-13,RVM,7.996239047,1.062671389,0.853713367,3343.914981,0.313922859,70.9,66.037,4.68,43.86,3.11,14.6,198.57,2.9,
Batch1554,09-Sep-13,17-Sep-13,RVM,56.02212587,7.964134253,0.713139035,6158.878036,0.293299303,72,91.76,6.61,68.03,4.9,24.7,183.88,4.54,
Batch1555,09-Sep-13,17-Sep-13,RVM,,,,,,.,.,.,.,.,.,.,.,
Batch1559,16-Sep-13,24-Sep-13,RVM,73.98974874,12.89583859,0.651667695,3718.475762,0.145873655,79.2,40.088,3.17,38.23,3.03,14.8,207.07,3.06,
Batch1562,23-Sep-13,01-Oct-13,RVM,79.74291205,9.98585799,0.506552398,1732.400161,0.172039029,69.1,34.339,2.37,40.53,2.8,.,190.3,.,
Batch1565,30-Sep-13,08-Oct-13,RVM,76.48329391,8.317394449,,2854.19525,,72.3,43.39,3.14,43.48,3.14,14.4,242.31,3.49,
Batch1567,07-Oct-13,15-Oct-13,RVM,93.97042357,9.228745292,0.652710343,4732.456661,0.377771392,97.3,42.253,4.11,33.3,3.24,.,216.28,.,
Batch1568,07-Oct-13,15-Oct-13,RVM,,,,,,.,.,.,.,.,.,.,.,
Batch1572,14-Oct-13,22-Oct-13,RVM,14.22886468,1.505825417,0.675948876,3870.703916,0.172070621,75.8,56.491,4.28,40.38,3.06,14.2,206.58,2.93,
Batch1574,21-Oct-13,29-Oct-13,RVM,65.03566919,,,4843.609734,,78,60.905,4.75,50.31,3.92,19.6,185.87,3.64,
Batch1575,21-Oct-13,29-Oct-13,RVM,,,,,,.,.,.,.,.,.,.,.,
Batch1579,28-Oct-13,05-Nov-13,RVM,57.931627,14.31022616,0.882236582,4625.149406,0.26434599,86,50.837,4.37,46.33,3.98,19.7,191.45,3.77,
Batch1580,28-Oct-13,05-Nov-13,RVM,,,,,,.,.,.,.,.,.,.,.,
Batch1583,04-Nov-13,12-Nov-13,RVM,68.55492865,7.727787949,0.879057863,2870.982575,0.190030813,71.9,39.003,2.8,45.56,3.28,16.6,197.37,3.28,
Batch1584,04-Nov-13,12-Nov-13,RVM,,,,,,.,.,.,.,.,.,.,.,
Batch1587,11-Nov-13,19-Nov-13,RVM,3.206948359,0.51788267,0.908207159,7904.285465,0.392445386,100.2,76.048,7.62,52.21,5.23,26.5,182.96,4.85,
Batch1588,11-Nov-13,19-Nov-13,RVM,,,,,,.,.,.,.,.,.,.,.,
Batch1591,18-Nov-13,26-Nov-13,RVM,68.51233233,16.62352693,0.866050799,6163.207496,0.38951491,94.6,78.533,7.43,65.47,6.19,28.7,192.67,5.53,
Batch1592,18-Nov-13,26-Nov-13,RVM,,,,,,.,.,.,.,.,.,.,.,
Batch1595,25-Nov-13,03-Dec-13,RVM,75.6872678,13.1957577,0.850105271,4976.299852,0.260459959,77.1,58.492,4.51,40.66,3.13,14.3,202.14,2.89,
Batch1598,02-Dec-13,10-Dec-13,RVM,62.59654359,12.93604568,0.887667609,7809.657834,0.458544542,81.2,103.51,8.41,62.43,5.07,25.1,181.23,4.55,
Batch1599,02-Dec-13,10-Dec-13,RVM,,,,,,.,.,.,.,.,.,.,.,
Batch1602,09-Dec-13,17-Dec-13,RVM,1.73265478,0.31214233,0.797625328,4789.058167,0.276689151,103.6,50.703,5.25,50.02,5.18,25.9,177.7,4.6,
Batch1603,09-Dec-13,17-Dec-13,RVM,,,,,,.,.,.,.,.,.,.,.,
Batch1606,16-Dec-13,20-Dec-13,RVM,69.71240577,8.375260208,0.890385057,3259.597234,0.330756962,93.2,52.266,4.87,49.19,4.58,23.7,185.53,4.4,
Batch1607,16-Dec-13,20-Dec-13,RVM,,,,,,.,.,.,.,.,.,.,.,
Batch1609,03-Feb-14,11-Feb-14,RVM,81.40827875,9.930277877,0.911799999,4552.309554,0.190031369,73.9,56.773,4.2,50.12,3.7,18.2,176.97,3.22,
Batch1610,03-Feb-14,11-Feb-14,RVM,,,,,,.,.,.,.,.,.,.,.,
Batch1614,24-Feb-14,04-Mar-14,RVM,92.47154549,7.242678955,0.545926074,3175.531661,0.141906909,58.9,43.295,2.55,32.39,1.91,9.9,215.71,2.14,
Batch1615,24-Feb-14,04-Mar-14,RVM,,,,,,.,.,.,.,.,.,.,.,
Batch1618,03-Mar-14,11-Mar-14,RVM,91.99353837,11.11546556,0.893069173,2387.209409,0.169029473,93.5,23.118,2.16,22.33,2.09,10.5,186.84,1.96,
Batch1620,03-Mar-14,11-Mar-14,RVM,,,,,,.,.,.,.,.,.,.,.,
Batch1623,10-Mar-14,18-Mar-14,RVM,2.801731288,0.340945014,0.777605923,2241.269254,0.267266104,101.9,45.202,4.61,32.09,3.27,16.8,178.76,3,
Batch1624,10-Mar-14,18-Mar-14,RVM,,,,,,.,.,.,.,.,.,.,.,
Batch1626,17-Mar-14,25-Mar-14,RVM,7.720002668,1.149550541,0.542302293,4180.821701,0.309032661,76.4,50.837,3.88,43.36,3.31,17.2,184.72,3.18,
Batch1627,17-Mar-14,25-Mar-14,RVM,,,,,,.,.,.,.,.,.,.,.,
Batch1631,24-Mar-14,01-Apr-14,RVM,98.11204205,12.91103192,,4978.80373,,77.1,61.507,4.74,40.66,3.13,15.7,209.55,3.29,
Batch1632,24-Mar-14,01-Apr-14,RVM,,,,,,.,.,.,.,.,.,.,.,
Batch1635,31-Mar-14,08-Apr-14,RVM,2.259733865,0.401502612,0.720254615,6208.706417,0.288673926,88.2,62.586,5.52,44.94,3.96,19.7,176.99,3.49,
Batch1636,31-Mar-14,08-Apr-14,RVM,,,,,,.,.,.,.,.,.,.,.,
Batch1638,07-Apr-14,15-Apr-14,RVM,64.25380169,10.83944186,0.770542427,2420.844347,0.184215394,81.5,34.646,2.82,42.38,3.45,17.6,164.33,2.89,
Batch1639,07-Apr-14,15-Apr-14,RVM,,,,,,.,.,.,.,.,.,.,.,
Batch1643,14-Apr-14,22-Apr-14,RVM,12.49165331,2.046056639,0.588171758,2789.865549,0.238167761,77.7,35.985,2.8,41.04,3.19,14.4,193.28,2.78,
Batch1646,21-Apr-14,29-Apr-14,RVM,98.61153739,14.25040684,0.752278474,5684.111081,0.28652625,78.7,38.385,3.02,37.77,2.97,13.6,188.76,2.57,
Batch1647,21-Apr-14,29-Apr-14,RVM,,,,,,.,.,.,.,.,.,.,.,
Batch1650,28-Apr-14,06-May-14,RVM,96.23246262,9.268199815,0.93550148,2471.205484,0.215044025,96.3,28.809,2.77,34.64,3.34,16.7,199.16,3.33,
Batch1651,28-Apr-14,06-May-14,RVM,,,,,,.,.,.,.,.,.,.,.,
Batch1653,05-May-14,13-May-14,RVM,82.55039164,11.74662074,0.850746625,2054.155809,0.154702024,73.7,37.771,2.78,39.74,2.93,13.4,181.76,2.44,
Batch1655,05-May-14,13-May-14,RVM,,,,,,.,.,.,.,.,.,.,.,
Batch1657,12-May-14,20-May-14,RVM,5.152914331,0.722326394,0.602656303,3062.74661,0.156557396,75.2,37.225,2.8,48.97,3.68,18.4,181.26,3.34,
Batch1659,12-May-14,20-May-14,RVM,,,,,,.,.,.,.,.,.,.,.,
Batch1662,19-May-14,27-May-14,RVM,57.19062845,12.66824525,0.799609246,2425.787595,0.275285672,96.2,34.379,3.31,36.47,3.51,18.1,186.42,3.37,
Batch1663,19-May-14,27-May-14,RVM,,,,,,.,.,.,.,.,.,.,.,
Batch1666,26-May-14,03-Jun-14,RVM,81.18433231,11.66160644,0.52786702,3836.759945,0.15265085,73.2,49.912,3.65,43.17,3.16,14.4,193.88,2.79,
Batch1669,02-Jun-14,10-Jun-14,RVM,2.991724655,0.51320006,0.687641344,5323.891651,0.339964009,80.8,64.544,5.22,61.09,4.94,24.9,184.41,4.59,
Batch1670,02-Jun-14,10-Jun-14,RVM,,,,,,.,.,.,.,.,.,.,.,
Batch1673,09-Jun-14,18-Jun-14,RVM,2.266411691,0.381343415,0.822271212,2704.615315,0.318903371,70.9,56.709,4.02,48.83,3.46,17.2,197.09,3.39,
Batch1674,09-Jun-14,18-Jun-14,RVM,,,,,,.,.,.,.,.,.,.,.,
Batch1677,16-Jun-14,24-Jun-14,RVM,9.777568236,1.177076087,0.473637944,3139.870386,0.255123,77.5,41.021,3.18,36.32,2.81,14.4,159.08,2.29,
Batch1679,23-Jun-14,01-Jul-14,RVM,51.88045479,8.117717566,0.927083404,3639.246453,0.30004278,85.4,56.491,4.82,42.93,3.67,18.6,186.49,3.47,
Batch1680,23-Jun-14,01-Jul-14,RVM,,,,,,.,.,.,.,.,.,.,.,
Batch1684,30-Jun-14,08-Jul-14,RVM,13.40775043,1.352514473,0.840554189,4805.833777,0.322105629,102.3,72.098,7.38,66.63,6.82,34.1,168.07,5.73,
Batch1685,30-Jun-14,08-Jul-14,RVM,,,,,,.,.,.,.,.,.,.,.,
Batch1686,30-Jun-14,.,RVM,,,,,,.,.,.,.,.,.,.,.,
Batch1687,30-Jun-14,08-Jul-14,RVM,,,,,,.,.,.,.,.,.,.,.,
Batch1688,30-Jun-14,.,RVM,,,0.824339925,,,69.6,.,.,59.86,4.17,20.6,179.47,3.7,
Batch1689,30-Jun-14,.,RVM,,,0.664037849,,,98.6,.,.,50.96,5.02,25.4,177.77,4.52,
Batch1690,30-Jun-14,.,RVM,,,,,,.,.,.,.,.,.,.,.,
Batch1691,30-Jun-14,.,RVM,,,,,,.,.,.,.,.,.,.,.,
Batch1692,30-Jun-14,.,RVM,,,0.700122327,,,101.1,.,.,.,.,.,.,.,
Batch1696,14-Jul-14,22-Jul-14,RVM,6.08431353,0.985751454,0.547896788,4495.777794,0.416613622,102.6,80.241,8.23,56.22,5.77,26.3,197.71,5.2,
Batch1697,14-Jul-14,22-Jul-14,RVM,,,,,,.,.,.,.,.,.,.,.,
Batch1701,21-Jul-14,29-Jul-14,RVM,5.070604824,0.464634765,0.672265178,7447.377379,0.572893266,103.4,85.824,8.87,69.87,7.22,36.6,162.64,5.95,
Batch1702,21-Jul-14,29-Jul-14,RVM,,,,,,.,.,.,.,.,.,.,.,
Batch1703,21-Jul-14,29-Jul-14,RVM,,,,,,.,.,.,.,.,.,.,.,
Batch1706,28-Jul-14,04-Aug-14,RVM,67.59143093,7.508589671,0.54578535,5504.94514,0.383976816,70.9,82.589,5.86,70.97,5.03,25.4,208.01,5.28,
Batch1707,28-Jul-14,04-Aug-14,RVM,,,,,,.,.,.,.,.,.,.,.,
Batch1710,05-Aug-14,12-Aug-14,RVM,96.71157058,8.277786953,0.940573794,5565.320996,0.322549185,99.3,66.799,6.63,51.18,5.08,25.5,190.2,4.85,
Batch1711,05-Aug-14,12-Aug-14,RVM,,,,,,.,.,.,.,.,.,.,.,
Batch1714,12-Aug-14,19-Aug-14,RVM,82.49749447,13.08404101,0.782867262,5380.861727,0.349444032,100.8,61.148,6.16,55.22,5.57,27.8,164.29,4.57,
Batch1715,12-Aug-14,19-Aug-14,RVM,,,,,,.,.,.,.,.,.,.,.,
Batch1727,22-Sep-14,29-Sep-14,RVM,75.34347057,8.633567099,0.564665179,4864.313616,0.191986506,74.3,69.294,5.15,50.27,3.74,18.9,182.51,3.45,
Batch1728,22-Sep-14,29-Sep-14,RVM,,,,,,.,.,.,.,.,.,.,.,
Batch1730,24-Sep-14,30-Sep-14,RVM,2.146284089,0.283375752,0.79868656,3611.193843,0.280279384,69.4,51.117,3.55,51.45,3.57,17.9,187.35,3.35,
Batch1731,24-Sep-14,30-Sep-14,RVM,,,,,,.,.,.,.,.,.,.,.,
Batch1733,29-Sep-14,07-Oct-14,RVM,1.883849251,0.256958822,0.750117476,2262.164815,0.134402351,62.1,47.039,2.92,34.82,2.16,10.9,205.55,2.24,
Batch1735,01-Oct-14,06-Oct-14,RVM,66.89169779,7.617431812,0.84839959,3114.468926,0.204067258,76.8,43.975,3.38,29.43,2.26,11.3,213.29,2.41,
Batch1738,06-Oct-14,14-Oct-14,RVM,2.559694805,0.585087952,0.807164044,3581.792452,0.174521275,79.7,46.947,3.74,43.57,3.47,17.5,173.4,3.03,
Batch1739,06-Oct-14,14-Oct-14,RVM,,,,,,.,.,.,.,.,.,.,.,
Batch1740,06-Oct-14,14-Oct-14,RVM,,,,,,.,.,.,.,.,.,.,.,
Batch1741,08-Oct-14,15-Oct-14,RVM,2.299212811,0.411241246,0.767023561,4879.804109,0.515225241,102.4,74.316,7.61,70.99,7.27,36.6,141.84,5.19,
Batch1742,08-Oct-14,15-Oct-14,RVM,,,,,,.,.,.,.,.,.,.,.,
Batch1743,08-Oct-14,15-Oct-14,RVM,,,,,,.,.,.,.,.,.,.,.,
Batch1745,13-Oct-14,19-Oct-14,RVM,90.77682115,10.53492546,0.780072081,5524.908986,0.424893157,92.3,102.99,9.51,55.48,5.12,26,176.73,4.59,
Batch1746,13-Oct-14,19-Oct-14,RVM,,,,,,.,.,.,.,.,.,.,.,
Batch1748,15-Oct-14,20-Oct-14,RVM,5.646384666,0.80371424,0.562894711,5383.181778,0.574785536,100.4,63.677,6.39,47.84,4.8,24.2,199.85,4.84,
Batch1749,15-Oct-14,20-Oct-14,RVM,,,,,,.,.,.,.,.,.,.,.,
Batch1751,20-Oct-14,28-Oct-14,RVM,5.881690767,1.09566255,0.890011866,3407.879494,0.350360779,97.6,45.06,4.4,50.27,4.91,24.5,144.4,3.54,
Batch1752,20-Oct-14,28-Oct-14,RVM,,,,,,.,.,.,.,.,.,.,.,
Batch1756,27-Oct-14,04-Nov-14,RVM,52.38125556,7.020690629,0.543279578,1754.614367,0.11610477,67.2,31.237,2.1,28.99,1.95,9.9,181.44,1.8,
Batch1757,29-Oct-14,05-Nov-14,RVM,78.39543175,9.927994645,0.77048272,3378.166644,0.184145265,113.8,27.229,3.1,29.23,3.33,16.8,164.79,2.77,
Batch1758,29-Oct-14,05-Nov-14,RVM,,,,,,.,.,.,.,.,.,.,.,
Batch1760,03-Nov-14,11-Nov-14,RVM,98.63581542,8.836660443,0.632440903,3707.276411,0.299118965,96.2,42.358,4.07,38.34,3.69,18.4,167.82,3.09,
Batch1761,03-Nov-14,11-Nov-14,RVM,,,,,,.,.,.,.,.,.,.,.,
Batch1765,10-Nov-14,18-Nov-14,RVM,97.10762032,7.208958165,0.831046196,2739.674767,0.238856678,84.2,45.215,3.81,39.01,3.28,16.6,186.5,3.1,
Batch1766,10-Nov-14,18-Nov-14,RVM,,,,,,.,.,.,.,.,.,.,.,
Batch1769,17-Nov-14,25-Nov-14,RVM,94.24766662,9.964569663,0.919557753,2665.620714,0.19142419,78.5,36.546,2.87,37.11,2.91,13.3,204.87,2.72,
Batch1772,24-Nov-14,02-Dec-14,RVM,68.12615372,6.548729163,0.879672139,3540.101299,0.265810983,91.2,31.872,2.91,38.42,3.5,17.9,185.49,3.32,
Batch1773,24-Nov-14,02-Dec-14,RVM,,,,,,.,.,.,.,.,.,.,.,
Batch1776,01-Dec-14,09-Dec-14,RVM,2.724342902,0.506456186,0.539941006,2485.827882,0.212962349,86.8,44.812,3.89,31.18,2.71,13.7,211.64,2.9,
Batch1779,08-Dec-14,16-Dec-14,RVM,7.038760799,0.858244275,0.846817919,1786.681675,0.20327992,90.6,33.915,3.07,32.74,2.97,13.5,217.39,2.93,
Batch1783,15-Dec-14,23-Dec-14,RVM,2.571057414,0.319101192,0.718395481,2559.864082,0.19080477,82.1,46.842,3.85,34.22,2.81,14.3,199.32,2.85,
Batch1786,26-Jan-15,02-Feb-15,RVM,2.735528682,0.192094459,0.554701339,1116.573957,0.099646832,113.9,9.421,1.07,18.14,2.07,10.6,152,1.61,
Batch1788,02-Feb-15,10-Feb-15,RVM,1.867044517,0.278789904,0.809569513,4192.809736,0.384626434,97.1,45.934,4.46,40.59,3.94,20,211.63,4.23,
Batch1789,02-Feb-15,10-Feb-15,RVM,,,,,,.,.,.,.,.,.,.,.,
Batch1792,09-Feb-15,17-Feb-15,RVM,93.97555737,9.051484587,0.626559308,1957.595685,0.126941316,68.6,35.641,2.44,31.28,2.15,10.9,190.38,2.08,
Batch1795,16-Feb-15,24-Feb-15,RVM,9.076722693,1.392116915,0.605722184,3787.541785,0.321482224,78.3,63.121,4.94,38.96,3.05,13.8,205.79,2.84,
Batch1799,23-Feb-15,03-Mar-15,RVM,3.642301884,0.509691669,0.503839122,3057.760024,0.247666344,83.7,39.884,3.34,30.15,2.52,13,188.87,2.46,
Batch1802,02-Mar-15,11-Mar-15,RVM,9.495509595,1.622185573,0.579787436,2343.011446,0.153870376,98.8,49.48,4.89,40.58,4.01,20,195.54,3.91,
Batch1803,02-Mar-15,11-Mar-15,RVM,,,,,,.,.,.,.,.,.,.,.,
Batch1806,09-Mar-15,17-Mar-15,RVM,92.34813333,10.60184885,0.804947632,4122.823939,0.324780265,100.3,60.358,6.05,47.46,4.76,23.9,187.36,4.48,
Batch1807,09-Mar-15,17-Mar-15,RVM,,,,,,.,.,.,.,.,.,.,.,
Batch1811,16-Mar-15,24-Mar-15,RVM,60.34855103,8.876072084,0.310063817,3245.445614,0.256499992,74.6,47.149,3.52,35.61,2.66,13.6,186.72,2.54,
Batch1812,18-Mar-15,24-Mar-15,RVM,79.05888916,10.82062852,0.681545054,7629.801472,0.57571493,106.5,72.187,7.69,64.5,6.87,34.8,167.58,5.83,
Batch1813,18-Mar-15,24-Mar-15,RVM,,,,,,.,.,.,.,.,.,.,.,
Batch1814,18-Mar-15,24-Mar-15,RVM,,,,,,.,.,.,.,.,.,.,.,
Batch1817,23-Mar-15,31-Mar-15,RVM,89.88011004,12.38633806,0.854223647,5159.198294,0.391069484,105.2,73.415,7.72,53.15,5.59,28.1,179.55,5.05,
Batch1818,23-Mar-15,31-Mar-15,RVM,,,,,,.,.,.,.,.,.,.,.,
Batch1821,30-Mar-15,07-Apr-15,RVM,2.947771956,0.560662324,0.927219819,6317.087922,0.385673917,101.7,77.348,7.87,57.48,5.85,28,226.45,6.34,
Batch1822,30-Mar-15,07-Apr-15,RVM,,,,,,.,.,.,.,.,.,.,.,
Batch1825,06-Apr-15,14-Apr-15,RVM,12.64431496,2.976301076,0.790863027,6711.316006,0.395471371,104.3,64.109,6.69,53.1,5.54,27.9,193.46,5.4,
Batch1827,06-Apr-15,14-Apr-15,RVM,,,,,,.,.,.,.,.,.,.,.,
Batch1829,13-Apr-15,.,RVM,2.315652142,0.414553086,0.898596298,5661.533374,0.367620636,98.2,57.922,5.69,53.27,5.23,26.6,175.48,4.67,
Batch1831,13-Apr-15,.,RVM,,,,,,.,.,.,.,.,.,.,.,
Batch1834,20-Apr-15,.,RVM,91.18836529,16.88051695,0.858749718,9013.544389,0.509740904,103.5,77.91,8.06,66.04,6.84,34.4,189.89,6.53,
Batch1835,20-Apr-15,.,RVM,,,,,,.,.,.,.,.,.,.,.,
Batch1836,20-Apr-15,.,RVM,,,,,,.,.,.,.,.,.,.,.,
Batch1838,22-Apr-15,.,RVM,3.470781082,0.585723208,,4010.93132,,.,41.269,.,41.58,.,22.6,187.88,4.25,
Batch1839,22-Apr-15,.,RVM,,,,,,.,.,.,.,.,.,.,.,
Batch1841,27-Apr-15,.,RVM,7.460091541,0.923450249,0.838881724,4074.203827,0.279548028,100.8,39.031,3.93,37.18,3.75,18.8,207.08,3.89,
Batch1842,27-Apr-15,.,RVM,,,,,,.,.,.,.,.,.,.,.,
Batch1846,04-May-15,.,RVM,10.37215946,2.280395064,0.703062738,3806.529707,0.218528963,99.9,47.737,4.77,47.76,4.77,24.3,174.61,4.24,
Batch1847,04-May-15,.,RVM,,,,,,.,.,.,.,.,.,.,.,
Batch1850,11-May-15,.,RVM,50.16008811,17.86204109,0.553086415,5573.613561,0.366757158,107.6,58.558,6.3,55.66,5.99,27.5,186.14,5.12,
Batch1851,11-May-15,.,RVM,,,,,,.,.,.,.,.,.,.,.,
Batch1854,18-May-15,.,RVM,2.396974631,0.453519758,0.532719755,4795.504148,0.30718261,85.6,67.619,5.79,57.61,4.93,25.2,161.99,4.08,
Batch1855,18-May-15,.,RVM,,,,,,.,.,.,.,.,.,.,.,
Batch1858,25-May-15,.,RVM,2.424965647,0.307583723,0.743420701,6899.991256,0.450825383,98.3,49.192,4.84,42.04,4.13,21.1,179.43,3.79,
Batch1859,25-May-15,.,RVM,,,,,,.,.,.,.,.,.,.,.,
Batch1863,01-Jun-15,.,RVM,3.143632391,0.336308542,0.465299557,5000.833057,0.224712994,83.6,48.909,4.09,45.93,3.84,19.5,184.42,3.6,
Batch1864,01-Jun-15,.,RVM,,,,,,.,.,.,.,.,.,.,.,
Batch1865,03-Jun-15,.,RVM,92.3974309,12.55313507,0.66115664,5572.29693,0.459419665,99.3,74.036,7.35,52.42,5.21,26.1,211.34,5.52,
Batch1866,03-Jun-15,.,RVM,,,,,,.,.,.,.,.,.,.,.,
Batch1869,08-Jun-15,.,RVM,57.14191446,13.29659614,0.788643768,4686.322235,0.491514896,99.9,68.731,6.87,62.57,6.25,28.5,214.31,6.11,
Batch1870,08-Jun-15,.,RVM,,,,,,.,.,.,.,.,.,.,.,
Batch1875,22-Jun-15,.,RVM,4.028341952,0.983182517,0.56476949,4951.090151,0.516860986,103,80.036,8.24,.,.,26.4,.,.,
Batch1877,22-Jun-15,.,RVM,,,,,,.,.,.,.,.,.,.,.,
Batch1880,06-Jul-15,.,RVM,7.979599837,1.730976275,,5676.00628,,.,71.329,.,52.33,.,27.1,193.71,5.25,
Batch1881,06-Jul-15,.,RVM,,,,,,.,.,.,.,.,.,.,.,
Batch1884,13-Jul-15,.,RVM,7.096939137,1.097395136,0.634583523,9278.399813,0.653048199,103.1,97.277,10.03,71.99,7.42,37.3,206.21,7.69,
Batch1885,13-Jul-15,.,RVM,,,,,,.,.,.,.,.,.,.,.,
Batch1886,13-Jul-15,.,RVM,,,,,,.,.,.,.,.,.,.,.,
Batch1890,20-Jul-15,.,RVM,,,0.604237912,5068.611344,0.244827645,105.4,42.919,4.52,37.67,3.97,20.2,220.69,4.46,
Batch1891,20-Jul-15,.,RVM,,,,,,.,.,.,.,.,.,.,.,
Batch1894,27-Jul-15,.,RVM,,,0.565502177,6888.648115,0.629815215,101.6,.,.,58.41,5.93,27.3,213.94,5.84,
Batch1895,27-Jul-15,.,RVM,,,,,,.,.,.,.,.,.,.,.,